timestamp,accuracy,acc_x,acc_y,acc_z,linear_acc_x,linear_acc_y,linear_acc_z,gyro_accuracy,gyro_x,gyro_y,gyro_z,heart_rate
1695794124449,3,0.24660277,5.645528,7.8505874,0.1436521,-0.090979666,-0.24181437,3,-0.017104227,0.032986723,-0.02443461,0
1695794124459,3,0.2681506,5.5042696,7.9511437,-0.02633622,-0.20350714,-0.21787235,3,-0.0036651916,0.039095376,-0.030543262,0
1695794124469,3,0.22984336,5.4803276,8.058883,-0.02873042,0.1364695,-0.25378537,3,-0.004886922,0.039095376,-0.02565634,0
1695794124479,3,0.18435353,5.5162406,7.9990277,-0.0023942017,-0.0023942017,-0.15322891,3,-0.009773844,0.021991149,-0.02321288,0
1695794124489,3,0.260968,5.499481,8.066066,-0.038307227,-0.02873042,-0.04309563,3,-0.009773844,0.007330383,-0.019547688,0
1695794124499,3,0.21787235,5.497087,8.032547,-0.079008654,0.0047884034,-0.10295067,3,-0.02443461,0.0036651916,-0.009773844,0
1695794124509,3,0.21547815,5.463568,7.9511437,0.0,-0.009576807,-0.035913024,3,-0.02076942,-0.015882496,-0.008552114,0
1695794124519,3,0.24181437,5.4803276,7.8745294,-0.04070143,-0.011971008,-0.06943185,3,-0.02076942,-0.015882496,-0.008552114,0
1695794124529,3,0.22984336,5.5042696,8.075643,-0.04309563,-0.045489833,-0.15083471,3,-0.0036651916,0.019547688,-0.018325957,0
1695794124539,3,0.2873042,5.3701944,8.078036,-0.016759412,-0.02633622,-0.22984336,3,-0.0012217305,0.018325957,-0.018325957,0
1695794124549,3,0.2777274,5.439626,8.090008,-0.031124622,-0.0023942017,-0.02873042,3,0.0,0.010995574,-0.018325957,0
1695794124559,3,0.24660277,5.4444146,7.9870567,0.02873042,-0.1388637,-0.023942016,3,-0.007330383,0.0036651916,-0.019547688,0
1695794124569,3,0.21547815,5.5138464,8.001422,0.021547815,-0.06943185,-0.011971008,3,-0.017104227,-0.004886922,-0.013439035,0
1695794124579,3,0.21308395,5.473145,7.989451,-0.007182605,-0.06464344,-0.11492168,3,-0.015882496,-0.004886922,-0.012217305,0
1695794124589,3,0.25617957,5.57849,7.9631147,-0.035913024,0.0023942017,-0.10295067,3,-0.0061086523,-0.002443461,-0.012217305,0
1695794124599,3,0.22505496,5.5042696,7.979874,-0.038307227,-0.033518825,-0.11492168,3,-0.0061086523,0.0012217305,-0.004886922,0
1695794124609,3,0.2753332,5.482722,7.893683,0.0023942017,0.06943185,-0.1412579,3,-0.009773844,-0.008552114,0.007330383,0
1695794124619,3,0.19871874,5.434838,7.85777,-0.02633622,-0.0023942017,-0.12449849,3,-0.017104227,-0.021991149,0.019547688,0
1695794124629,3,0.29927522,5.439626,7.78355,0.023942016,-0.023942016,-0.21068975,3,-0.018325957,-0.02321288,0.021991149,0
1695794124639,3,0.24420857,5.3845596,7.860164,-0.05267244,-0.07182605,-0.24660277,3,-0.008552114,-0.010995574,0.014660766,0
1695794124649,3,0.2801216,5.327099,7.8888946,0.04309563,-0.06703765,-0.320823,3,0.002443461,-0.002443461,0.010995574,0
1695794124659,3,0.32321724,5.3007627,7.9104424,-0.011971008,-0.12449849,-0.24420857,3,0.0036651916,-0.0012217305,0.009773844,0
1695794124669,3,0.36870706,5.353435,7.929596,0.019153614,-0.18195933,-0.21308395,3,-0.007330383,0.002443461,0.007330383,0
1695794124679,3,0.320823,5.5521536,7.836222,0.062249243,-0.20829555,-0.19153613,3,-0.014660766,0.002443461,0.0061086523,0
1695794124689,3,0.33997664,5.291186,7.881712,0.107739076,-0.15801731,-0.17238252,3,-0.032986723,-0.002443461,0.013439035,0
1695794124699,3,0.4357447,5.3678,7.7691846,0.059855044,0.04070143,-0.2657564,3,-0.02321288,0.014660766,0.009773844,0
1695794124709,3,0.320823,5.434838,7.723695,0.076614454,-0.21787235,-0.22026655,3,-0.013439035,0.014660766,-0.008552114,0
1695794124719,3,0.31364042,5.5042696,7.807492,0.16998832,-0.1412579,-0.33518824,3,0.0012217305,0.030543262,-0.028099801,0
1695794124729,3,0.17238252,5.5042696,7.9870567,0.055066638,-0.07182605,-0.38067806,3,0.002443461,0.057421334,-0.036651913,0
1695794124739,3,0.24181437,5.559336,8.003817,0.047884032,-0.0023942017,-0.29688102,3,0.0,0.047647487,-0.030543262,0
1695794124749,3,0.24899697,5.461174,7.9966335,-0.090979666,-0.007182605,-0.11492168,3,-0.012217305,0.030543262,-0.02321288,0
1695794124759,3,0.21787235,5.523423,7.93199,-0.016759412,0.04309563,-0.095768064,3,-0.028099801,0.012217305,-0.014660766,0
1695794124769,3,0.18195933,5.5856724,7.845799,-0.0047884034,-0.05267244,-0.10295067,3,-0.039095376,-0.0036651916,-0.013439035,0
1695794124779,3,0.21308395,5.5880666,7.9008656,-0.033518825,0.0047884034,-0.16519992,3,-0.04642576,-0.004886922,-0.009773844,0
1695794124789,3,0.2753332,5.5641246,7.800309,-0.06943185,0.06703765,-0.25378537,3,-0.04886922,-0.002443461,-0.008552114,0
1695794124799,3,0.22505496,5.497087,7.747637,-0.038307227,0.06943185,-0.19871874,3,-0.05497787,-0.0012217305,-0.0061086523,0
1695794124809,3,0.2633622,5.628768,7.771579,0.021547815,0.045489833,-0.29688102,3,0.6817256,0.39584067,-0.28710666,0
1695794124819,3,0.19871874,5.7748146,7.905654,0.021547815,0.045489833,-0.29688102,3,0.6817256,0.39584067,-0.28710666,0
1695794124829,3,0.17956513,5.9543796,8.001422,0.021547815,0.045489833,-0.29688102,3,0.6817256,0.39584067,-0.28710666,0
1695794124839,3,0.23702596,6.14831,7.93199,0.021547815,0.045489833,-0.29688102,3,0.6817256,0.39584067,-0.28710666,0
1695794124849,3,0.11971009,6.373365,7.8793178,0.021547815,0.045489833,-0.29688102,3,0.6817256,0.39584067,-0.28710666,0
1695794124859,3,0.076614454,6.646304,7.920019,0.021547815,0.045489833,-0.29688102,3,0.6817256,0.39584067,-0.28710666,0
1695794124869,3,0.04070143,7.0365586,7.9511437,0.021547815,0.045489833,-0.29688102,3,0.6817256,0.39584067,-0.28710666,0
1695794124879,3,-0.093373865,7.153875,8.3868885,0.021547815,0.045489833,-0.29688102,3,0.6817256,0.39584067,-0.28710666,0
1695794124889,3,-0.32321724,7.7931266,8.415619,0.021547815,0.045489833,-0.29688102,3,0.6817256,0.39584067,-0.28710666,0
1695794124899,3,-0.7613561,9.126697,8.310274,0.021547815,0.045489833,-0.29688102,3,0.6817256,0.39584067,-0.28710666,0
1695794124909,3,-1.448492,10.350134,8.813056,0.021547815,0.045489833,-0.29688102,3,0.6817256,0.39584067,-0.28710666,0
1695794124919,3,-1.8722657,12.148179,9.035717,0.021547815,0.045489833,-0.29688102,3,0.6817256,0.39584067,-0.28710666,0
1695794124929,3,-2.4372973,13.723564,9.3733,0.021547815,0.045489833,-0.29688102,3,0.6817256,0.39584067,-0.28710666,0
1695794124939,3,-2.5498247,13.247118,9.543288,0.021547815,0.045489833,-0.29688102,3,0.6817256,0.39584067,-0.28710666,0
1695794124949,3,-2.3439236,12.710816,9.131485,0.021547815,0.045489833,-0.29688102,3,0.6817256,0.39584067,-0.28710666,0
1695794124959,3,-2.087744,11.547235,9.035717,0.021547815,0.045489833,-0.29688102,3,0.6817256,0.39584067,-0.28710666,0
1695794124969,3,-1.8267759,10.431537,9.0237465,0.021547815,0.045489833,-0.29688102,3,0.6817256,0.39584067,-0.28710666,0
1695794124979,3,-1.5298948,9.200917,9.533711,0.021547815,0.045489833,-0.29688102,3,0.6817256,0.39584067,-0.28710666,0
1695794124989,3,-1.0606314,8.525752,9.885659,0.021547815,0.045489833,-0.29688102,3,0.6817256,0.39584067,-0.28710666,0
1695794124999,3,-0.7445967,7.5082164,10.1226845,0.021547815,0.045489833,-0.29688102,3,0.6817256,0.39584067,-0.28710666,0
1695794125009,3,-0.059855044,6.2752028,10.524911,0.021547815,0.045489833,-0.29688102,3,0.6817256,0.39584067,-0.28710666,0
1695794125019,3,0.18195933,5.2002063,10.46745,0.021547815,0.045489833,-0.29688102,3,0.6817256,0.39584067,-0.28710666,0
1695794125029,3,0.5291186,4.110844,10.101137,0.021547815,0.045489833,-0.29688102,3,0.6817256,0.39584067,-0.28710666,0
1695794125039,3,0.7398083,3.3542767,9.31105,-0.15801731,-1.1659763,3.0214825,3,0.5155703,-0.26633725,1.319469,0
1695794125049,3,1.0845734,2.3415294,8.580819,0.11252748,-2.2649148,2.6671407,3,0.75136423,-0.28344148,1.2583824,0
1695794125059,3,0.8738836,1.3814543,8.049306,0.21308395,-3.0430303,1.9009962,3,0.75136423,-0.28344148,1.2583824,0
1695794125069,3,1.5251064,1.0031705,6.921637,0.46447513,-4.084508,1.2018893,3,1.3805555,-0.0842994,1.0311406,0
1695794125079,3,2.0566192,0.1364695,7.252037,0.1412579,-5.094861,0.7254431,3,1.4672983,0.008552114,0.93584555,0
1695794125089,3,2.4708161,-0.51475334,6.8426285,0.7134721,-5.5377884,-0.33518824,3,1.3414601,0.034208454,0.89919364,0
1695794125099,3,2.8419175,-1.4341269,5.9448028,1.1803415,-6.4619503,0.055066638,3,1.1386528,-0.10873401,0.86132,0
1695794125109,3,3.2800562,-2.231396,4.9224787,1.5466543,-7.156269,-0.30885202,3,1.1386528,-0.10873401,0.86132,0
1695794125119,3,3.4356794,-2.992752,3.9240966,1.8531121,-8.159439,-1.1204864,3,0.5510005,-0.39828414,0.71593404,0
1695794125129,3,3.6727054,-3.6846764,3.0358477,2.2337902,-9.021352,-2.0733786,3,0.5510005,-0.39828414,0.71593404,0
1695794125139,3,3.8163576,-4.24492,2.7365725,2.3008277,-9.842564,-2.9975405,3,0.09285152,-0.43860126,0.39706242,0
1695794125149,3,4.19943,-4.8386817,2.255338,2.4756045,-10.55843,-3.8522706,3,0.09285152,-0.43860126,0.39706242,0
1695794125159,3,3.5817258,-4.355053,1.5993267,2.542642,-11.135432,-4.122815,3,-0.14538592,-0.4129449,0.22968534,0
1695794125169,3,3.157952,-4.158728,1.2449849,2.873042,-11.731588,-4.5920787,3,-0.31887165,-0.41905355,0.06352998,0
1695794125179,3,3.028665,-3.9456444,1.3311762,2.207454,-11.2312,-5.2528787,3,-0.3286455,-0.3213151,-0.23579398,0
1695794125189,3,2.9137435,-3.4596214,1.5298948,2.207454,-11.2312,-5.2528787,3,-0.3286455,-0.3213151,-0.23579398,0
1695794125199,3,2.372654,-2.6719291,2.042254,1.6184803,-10.78109,-5.556942,3,-0.54367006,0.13805555,-0.88208944,0
1695794125209,3,2.0949266,-1.9081788,2.4732103,1.5227122,-10.2735195,-5.3821654,3,-0.54367006,0.13805555,-0.88208944,0
1695794125219,3,1.5011644,-0.9792285,2.908955,1.0271125,-9.464279,-4.900931,3,-0.8136725,0.2773328,-1.2156218,0
1695794125229,3,1.0726024,-0.095768064,3.3423057,0.81881696,-8.674192,-4.5082817,3,-0.9101892,0.344528,-1.3671165,0
1695794125239,3,0.7015011,1.0845734,4.1371803,0.320823,-7.704541,-4.1252093,3,-1.0067059,0.40683624,-1.4990633,0
1695794125249,3,0.06943185,2.4420857,5.2289367,-0.01436521,-6.7827735,-3.7445314,3,-1.0067059,0.40683624,-1.4990633,0
1695794125259,3,-0.44532153,3.9264908,6.3542113,-0.2705448,-5.5521536,-3.0142999,3,-1.1154399,0.48502702,-1.6151277,0
1695794125269,3,-1.0175357,5.777209,7.1059904,-0.7733272,-4.134786,-1.9919758,3,-1.5137241,0.45814893,-1.7116444,0
1695794125279,3,-1.745373,7.560889,7.6734166,-1.1492168,-2.5809495,-0.94331545,3,-1.5137241,0.45814893,-1.7116444,0
1695794125289,3,-2.552219,9.059659,8.090008,-1.5729905,-0.6464345,-0.2753332,3,-1.7470746,0.35918877,-1.6786577,0
1695794125299,3,-3.1148565,10.896012,8.722076,-1.5729905,-0.6464345,-0.2753332,3,-1.7470746,0.35918877,-1.6786577,0
1695794125309,3,-3.8426938,12.528857,9.710882,-2.8323407,2.8658595,0.49559975,3,-1.8753563,0.34208453,-1.5613716,0
1695794125319,3,-4.292804,14.061147,11.11149,-3.2704794,4.841076,1.0127473,3,-1.3720033,0.6792821,-1.4269812,0
1695794125329,3,-4.5681367,15.368381,12.615048,-3.8786068,6.619968,1.8890251,3,-1.3720033,0.6792821,-1.4269812,0
1695794125339,3,-4.7429137,17.389088,15.26543,-4.1802764,8.271967,3.2034419,3,-0.4166101,0.91751957,-0.95172805,0
1695794125349,3,-4.4795513,17.336414,16.036364,-4.297592,9.648633,4.6591167,3,-0.4166101,0.91751957,-0.95172805,0
1695794125359,3,-4.4460325,17.240646,15.875952,-4.3287168,11.753136,7.2592196,3,-0.41905355,0.73914695,-0.64751714,0
1695794125370,3,-4.3718123,17.329231,15.789761,-3.9384618,11.7387705,8.010999,3,-0.535118,0.44593164,-0.31887165,0
1695794125380,3,-4.1683054,16.812084,15.26543,-3.809175,11.68131,7.831434,3,-0.535118,0.0012217305,0.21868975,0
1695794125390,3,-3.8522706,16.002844,14.987702,-3.6822822,11.815386,7.7189064,3,-0.535118,0.0012217305,0.21868975,0
1695794125400,3,-3.4356794,15.181633,14.587871,-3.4620156,11.346122,7.1610575,3,-0.10140363,-0.12950343,0.61941737,0
1695794125410,3,-3.1316159,14.255077,14.128184,-3.157952,10.579977,6.8545995,3,-0.10140363,-0.12950343,0.61941737,0
1695794125420,3,-2.8921957,13.24233,13.460202,-2.7724855,9.7803135,6.435614,3,0.095294975,-0.2003638,0.77946407,0
1695794125430,3,-2.6527755,11.915942,12.89517,-2.5115175,8.858546,5.971139,3,0.26633725,-0.26389378,0.9260717,0
1695794125440,3,-2.2529438,10.627861,12.3876,-2.336741,7.831434,5.305551,3,0.4801401,-0.35430184,1.2400564,0
1695794125450,3,-1.8195933,9.227253,12.229582,-2.1619642,6.481104,4.7524905,3,0.59742624,-0.3640757,1.3414601,0
1695794125460,3,-1.3215994,7.917625,12.050017,-1.8459295,5.1547165,4.2640734,3,0.59742624,-0.3640757,1.3414601,0
1695794125470,3,-1.079785,6.967127,11.616667,-1.5107412,3.7110126,4.132392,3,0.73548174,-0.3408628,1.3854424,0
1695794125480,3,-0.79966336,6.3422403,11.063606,-1.5107412,3.7110126,4.132392,3,0.73548174,-0.3408628,1.3854424,0
1695794125490,3,-0.7134721,5.7867856,10.462662,-0.9792285,1.3359646,3.5913026,3,0.97494096,-0.37873647,1.3842206,0
1695794125500,3,-0.44771573,4.7620673,9.653421,-0.80445176,0.641646,3.0885203,3,1.0482447,-0.41050145,1.3891076,0
1695794125510,3,0.021547815,3.7804444,9.109938,-0.8283938,0.009576807,2.542642,3,1.1337659,-0.4447099,1.4013249,0
1695794125520,3,0.29209262,2.920926,8.573636,-0.6751649,-1.0941502,1.7956513,3,1.2620476,-0.45081854,1.3988814,0
1695794125530,3,0.61052144,1.922544,7.8290396,-0.32321724,-2.1619642,1.3192052,3,1.4049901,-0.40317106,1.3671165,0
1695794125540,3,0.9648633,1.0031705,6.943185,-0.18435353,-3.122039,0.8690952,3,1.5332718,-0.39950588,1.3060299,0
1695794125550,3,1.2378023,0.36152446,6.2632318,0.02873042,-4.211401,0.20350714,3,1.5882497,-0.39461896,1.2449434,0
1695794125560,3,1.5514427,-0.31364042,5.722142,0.272939,-5.2385135,-0.58418524,3,1.5894713,-0.36651915,1.1679744,0
1695794125570,3,1.769315,-0.91458505,5.1355624,0.4381389,-5.9902925,-1.1611878,3,1.3573426,-0.3921755,1.0115929,0
1695794125580,3,2.1547816,-1.4508862,4.596867,0.6631939,-6.751649,-1.6184803,3,1.1716396,-0.4251622,0.9431759,0
1695794125590,3,2.2888567,-2.3463178,4.0198646,0.80205756,-7.40766,-2.1452048,3,1.1716396,-0.4251622,0.9431759,0
1695794125600,3,2.4971523,-2.6072857,3.5242648,1.0941502,-8.032547,-2.5929205,3,0.7611381,-0.50823987,0.7489208,0
1695794125610,3,2.348712,-2.870648,2.542642,1.1348516,-9.002198,-3.086126,3,0.7611381,-0.50823987,0.7489208,0
1695794125620,3,2.5809495,-3.0430303,1.745373,1.2521675,-9.320627,-3.5122938,3,0.57543504,-0.54000485,0.61941737,0
1695794125630,3,2.7222073,-3.3518825,1.1803415,1.0175357,-9.627085,-4.4364557,3,0.48258355,-0.535118,0.46303585,0
1695794125640,3,2.7269957,-3.8259344,1.1133038,1.163582,-9.835381,-5.183447,3,0.453262,-0.26389378,0.11362094,0
1695794125650,3,2.801216,-3.6367924,1.1252748,1.2425907,-10.168175,-5.7125654,3,0.453262,-0.26389378,0.11362094,0
1695794125660,3,2.6384103,-3.4141316,1.151611,1.1971009,-10.668563,-5.741296,3,0.38728857,-0.10262536,-0.07452556,0
1695794125670,3,2.554613,-3.181894,1.4556746,1.2449849,-10.508151,-5.693412,3,0.24923302,-0.007330383,-0.25411993,0
1695794125680,3,2.4372973,-2.882619,1.6160861,1.0821792,-10.314221,-5.6407394,3,0.043982297,0.043982297,-0.40439278,0
1695794125690,3,2.2816741,-2.4708161,1.8674773,1.0151415,-10.101137,-5.317522,3,-0.18448131,0.089186326,-0.53878313,0
1695794125700,3,2.1404164,-2.0087352,2.3415294,0.92895025,-9.811439,-5.1547165,3,-0.3848451,0.10262536,-0.6792821,0
1695794125710,3,1.8698715,-1.5897499,2.846706,0.81642276,-9.394848,-4.9176903,3,-0.58032197,0.13439035,-0.81000733,0
1695794125720,3,1.7645266,-1.1109096,3.5577838,0.7278373,-8.916007,-4.4723687,3,-0.9016371,0.15515977,-1.0323622,0
1695794125730,3,1.4628572,-0.18914193,4.024653,0.521936,-8.468291,-4.0078936,3,-0.9016371,0.15515977,-1.0323622,0
1695794125740,3,1.1899183,0.5410896,4.783615,0.50757074,-7.9367785,-3.3662477,3,-1.028697,0.14660765,-1.1374311,0
1695794125750,3,0.6655881,2.3175871,6.066907,0.2777274,-6.969521,-2.956839,3,-1.3304645,0.118507855,-1.2767084,0
1695794125760,3,0.3184288,3.2585084,6.5481415,0.090979666,-6.179435,-2.2697031,3,-1.5613716,0.052534413,-1.3035865,0
1695794125770,3,0.079008654,4.2042184,7.1514807,-0.33518824,-4.321534,-1.0749966,3,-1.8167132,-0.040317107,-1.3096951,0
1695794125780,3,-0.6512229,5.509058,7.855376,-0.59376204,-3.2800562,-0.6967127,3,-2.0708332,-0.05131268,-1.3206906,0
1695794125790,3,-1.3551182,7.824251,8.647857,-0.7517793,-2.2122424,-0.21068975,3,-2.2834144,-0.04520403,-1.328021,0
1695794125800,3,-2.291251,10.867282,10.043676,-1.4030021,-0.7637503,0.35913026,3,-2.2699752,0.057421334,-1.428203,0
1695794125810,3,-3.2513258,13.934254,11.2312,-2.0278888,1.7118542,1.0103531,3,-2.0341814,0.3286455,-1.5577064,0
1695794125820,3,-4.2760444,16.728287,12.385205,-2.873042,4.9224787,2.2697031,3,-1.1643091,0.9077458,-1.6847663,0
1695794125830,3,-4.960786,19.637243,14.065935,-3.715801,8.14268,3.3375173,3,-0.7171558,1.1557571,-1.6126842,0
1695794125840,3,-5.521029,21.499931,16.25184,-4.5753193,11.070788,4.3861775,3,-0.36651915,1.3255776,-1.4062119,0
1695794125850,3,-5.755661,22.517467,18.030733,-5.109226,14.061147,6.007052,3,-0.09896017,1.2925909,-1.0812315,0
1695794125860,3,-5.57849,22.716187,18.648438,-5.48751,15.981297,8.154651,3,0.0720821,1.0409144,-0.66339964,0
1695794125870,3,-5.3462524,21.753717,17.973272,-5.535394,17.029957,9.91439,3,0.118507855,0.6096435,-0.18936823,0
1695794125880,3,-4.9655743,20.563799,17.013197,-5.195418,17.240646,10.532093,3,0.1001819,0.17959438,0.26389378,0
1695794125890,3,-4.7740383,19.448101,16.156073,-4.841076,16.275784,9.864111,3,0.10629055,-0.062308256,0.643852,0
1695794125900,3,-4.307169,17.84159,15.67005,-4.841076,16.275784,9.864111,3,0.10629055,-0.062308256,0.643852,0
1695794125910,3,-3.8139634,15.981297,15.5359745,-4.841076,16.275784,9.864111,3,0.10629055,-0.062308256,0.643852,0
1695794125920,3,-3.241749,13.838486,14.95179,-4.841076,16.275784,9.864111,3,0.10629055,-0.062308256,0.643852,0
1695794125930,3,-2.741361,11.654974,14.281413,-4.841076,16.275784,9.864111,3,0.10629055,-0.062308256,0.643852,0
1695794125940,3,-2.2266076,9.68694,13.409924,-4.841076,16.275784,9.864111,3,0.10629055,-0.062308256,0.643852,0
1695794125950,3,-1.6998832,7.747637,12.272678,-4.841076,16.275784,9.864111,3,0.10629055,-0.062308256,0.643852,0
1695794125960,3,-1.292869,6.0477533,10.893618,-4.841076,16.275784,9.864111,3,0.10629055,-0.062308256,0.643852,0
1695794125970,3,-0.7661445,4.7979803,10.170568,-4.841076,16.275784,9.864111,3,0.10629055,-0.062308256,0.643852,0
1695794125980,3,-0.2705448,3.3518825,9.856929,-4.841076,16.275784,9.864111,3,0.10629055,-0.062308256,0.643852,0
1695794125990,3,0.17956513,2.1930888,9.533711,-4.841076,16.275784,9.864111,3,0.10629055,-0.062308256,0.643852,0
1695794126000,3,0.6823475,0.92655605,8.7532015,-4.841076,16.275784,9.864111,3,0.10629055,-0.062308256,0.643852,0
1695794126010,3,1.1731589,-0.4285621,7.419631,-4.841076,16.275784,9.864111,3,0.10629055,-0.062308256,0.643852,0
1695794126020,3,1.8291701,-1.7645266,6.145916,-4.841076,16.275784,9.864111,3,0.10629055,-0.062308256,0.643852,0
1695794126030,3,2.3654714,-2.7269957,5.171476,-4.841076,16.275784,9.864111,3,0.10629055,-0.062308256,0.643852,0
1695794126040,3,2.767697,-4.1012673,3.9504328,-4.841076,16.275784,9.864111,3,0.10629055,-0.062308256,0.643852,0
1695794126050,3,3.2992098,-5.3582234,2.6312277,-4.841076,16.275784,9.864111,3,0.10629055,-0.062308256,0.643852,0
1695794126060,3,3.892972,-6.591237,1.6376339,-4.841076,16.275784,9.864111,3,0.10629055,-0.062308256,0.643852,0
1695794126070,3,4.173094,-7.615956,0.7637503,-4.841076,16.275784,9.864111,3,0.10629055,-0.062308256,0.643852,0
1695794126080,3,4.185065,-8.152257,-0.095768064,2.3582888,-13.321339,-5.327099,3,1.1765264,-0.4361578,0.6096435,0
1695794126090,3,4.132392,-8.221688,-0.16519992,2.5474305,-14.408306,-6.1219735,3,1.1239921,-0.29565877,0.2883284,0
1695794126100,3,3.809175,-7.7907324,0.16998832,2.4827871,-15.021221,-6.88333,3,0.8393288,0.062308256,-0.37018433,0
1695794126110,3,3.58412,-7.201759,0.12210429,2.3942018,-15.155296,-6.8785415,3,0.4092797,0.19792034,-0.9101892,0
1695794126120,3,3.1603463,-6.5218053,-0.01436521,2.0638018,-14.798561,-6.4643445,3,0.4092797,0.19792034,-0.9101892,0
1695794126130,3,2.7102363,-5.5521536,0.36631286,1.8650831,-14.264654,-6.459556,3,0.14905111,0.25045475,-1.1276573,0
1695794126140,3,2.1739352,-4.402937,0.8523358,1.5346833,-13.634978,-6.564901,3,-0.14294247,0.29932398,-1.3096951,0
1695794126150,3,0.9648633,-1.364695,1.8339585,1.1468226,-12.698846,-6.1626754,3,-0.6291912,0.30665436,-1.6077974,0
1695794126160,3,0.18435353,0.48841715,1.8315643,0.7182605,-11.57836,-5.66947,3,-0.86742866,0.27122417,-1.7067575,0
1695794126170,3,-0.6440403,2.813187,2.7246015,-0.3878607,-8.5473,-4.7022123,3,-1.0946705,0.28710666,-1.78617,0
1695794126180,3,-1.388637,5.21936,3.7253778,-1.0199299,-6.670246,-4.757279,3,-1.2962561,0.3933972,-1.8228219,0
1695794126190,3,-2.1859062,7.8529816,5.073313,-1.721431,-4.3119574,-3.9217024,3,-1.4379768,0.46181414,-1.8081611,0
1695794126200,3,-2.815581,10.520123,6.5601125,-2.3056161,-1.8435353,-3.0095115,3,-1.5173893,0.5448918,-1.736079,0
1695794126210,3,-3.3925838,12.413936,7.9104424,-2.9640217,0.85473,-1.7477672,3,-1.5381587,0.59131753,-1.5968018,0
1695794126220,3,-3.5122938,13.962984,8.568848,-3.4213142,3.6176388,-0.37349546,3,-1.5198327,0.5522222,-1.3744467,0
1695794126230,3,-3.5482068,14.365211,8.983045,-3.857059,5.5976434,0.878672,3,-1.491733,0.48502702,-1.1044444,0
1695794126240,3,-3.4835634,14.657303,9.624691,-3.7972038,7.2711906,1.4101849,3,-1.5137241,0.43249258,-0.81489426,0
1695794126250,3,-3.2130187,14.401123,10.651803,-3.727772,7.759608,1.7429788,3,-1.536937,0.4202753,-0.5558874,0
1695794126260,3,-2.9855695,13.9151,11.32218,-3.5434184,8.169016,2.2768857,3,-1.4941764,0.39706242,-0.31520647,0
1695794126270,3,-2.3798366,12.94066,12.301409,-3.1603463,7.979874,3.2465374,3,-1.3390167,0.3726278,-0.10995574,0
1695794126280,3,-1.9608512,11.9853735,13.268666,-2.858677,7.620744,3.809175,3,-1.174083,0.37995818,0.065973446,0
1695794126290,3,-1.460463,10.805033,13.369223,-2.207454,6.7492547,4.7046065,3,-1.0140363,0.29565877,0.19303341,0
1695794126300,3,-1.0414777,9.607931,13.03164,-1.7501614,5.9064956,5.583278,3,-0.8552113,0.15271631,0.2761111,0
1695794126310,3,-0.6871359,8.748413,12.878411,-1.2282255,4.805163,5.6215854,3,-0.7049385,0.06352998,0.3115413,0
1695794126320,3,-0.58418524,8.101978,12.076353,-0.79487497,3.6942532,5.2169657,3,-0.5742133,-0.028099801,0.3005457,0
1695794126330,3,-0.38067806,7.4746976,10.9822035,-0.44532153,2.89459,5.0182467,3,-0.47403142,-0.13072516,0.27855456,0
1695794126340,3,-0.2753332,6.801927,10.299856,-0.35673606,2.3127987,4.1683054,3,-0.41050145,-0.16737708,0.25900686,0
1695794126350,3,-0.090979666,6.143522,9.928755,-0.16998832,1.721431,3.0454245,3,-0.3640757,-0.15149458,0.22968534,0
1695794126360,3,0.0047884034,5.8322754,9.696517,-0.093373865,1.0893618,2.3343468,3,-0.3213151,-0.12461651,0.17715092,0
1695794126370,3,-0.17238252,5.791574,9.548077,0.062249243,0.45968673,1.9416976,3,-0.3213151,-0.12461651,0.17715092,0
1695794126380,3,-0.260968,6.114791,9.406818,0.1316811,0.18195933,1.685518,3,-0.31520647,-0.11484267,0.065973446,0
1695794126390,3,-0.4213795,6.3087215,9.270349,-0.062249243,0.16519992,1.520318,3,-0.26633725,-0.09896017,0.028099801,0
1695794126400,3,-0.47644615,6.215348,9.054871,-0.16759412,0.51475334,1.3599066,3,-0.19058995,-0.08674286,0.009773844,0
1695794126410,3,-0.38307226,5.923255,8.930372,-0.33997664,0.7302315,1.2066777,3,-0.12705997,-0.0842994,0.0036651916,0
1695794126420,3,-0.39743748,5.8825536,8.892065,-0.40462008,0.6607997,0.9744401,3,-0.10873401,-0.087964594,0.004886922,0
1695794126430,3,-0.37110126,5.8586116,8.66701,-0.3184288,0.38307226,0.8403648,3,-0.118507855,-0.10629055,0.004886922,0
1695794126440,3,-0.37828386,5.81791,8.511387,-0.33997664,0.35434186,0.79487497,3,-0.13683382,-0.13194689,0.008552114,0
1695794126450,3,-0.4141969,5.884948,8.429984,-0.320823,0.33758244,0.5650316,3,-0.16982053,-0.14660765,0.02321288,0
1695794126460,3,-0.3854665,5.8825536,8.169016,-0.33758244,0.30885202,0.40222588,3,-0.17837265,-0.1600467,0.032986723,0
1695794126470,3,-0.40462008,5.8562174,8.145074,-0.3854665,0.3854665,0.31364042,3,-0.14660765,-0.15515977,0.036651913,0
1695794126480,3,-0.40701428,5.731719,8.015787,-0.36870706,0.39743748,0.04309563,3,-0.095294975,-0.1282817,0.035430185,0
1695794126490,3,-0.34237084,5.66947,7.9942393,-0.40222588,0.38307226,0.009576807,3,-0.042760566,-0.09773844,0.035430185,0
1695794126500,3,-0.36631286,5.544971,8.094796,-0.4189853,0.272939,-0.12689269,3,0.009773844,-0.064751714,0.032986723,0
1695794126510,3,-0.28491,5.494693,8.073248,-0.36631286,0.21787235,-0.15322891,3,0.05131268,-0.04153884,0.030543262,0
1695794126520,3,-0.07182605,5.269638,8.24563,-0.39504328,0.093373865,-0.05267244,3,0.06963864,-0.02565634,0.032986723,0
1695794126530,3,-0.11971009,5.291186,8.331821,-0.31364042,0.04070143,-0.07182605,3,0.061086524,-0.02321288,0.03176499,0
1695794126540,3,-0.12210429,5.255273,8.24563,-0.011971008,-0.22505496,0.12689269,3,0.04153884,-0.057421334,0.029321533,0
1695794126550,3,-0.07182605,5.1547165,8.056489,0.0,-0.22266077,0.22744916,3,0.004886922,-0.096516706,0.039095376,0
1695794126560,3,-0.0047884034,5.1762643,7.8745294,0.021547815,-0.2633622,0.1436521,3,-0.032986723,-0.105068825,0.039095376,0
1695794126570,3,-0.016759412,5.1786585,7.702147,0.08379706,-0.36152446,-0.04309563,3,0.002443461,-0.089186326,0.02321288,0
1695794126580,3,0.076614454,5.0397944,7.788338,0.15562311,-0.33039984,-0.23223756,3,0.037873644,-0.058643065,0.009773844,0
1695794126590,3,0.08140286,4.987122,8.00621,0.1388637,-0.3184288,-0.41180268,3,0.059864793,-0.012217305,-0.007330383,0
1695794126600,3,0.09816227,5.020641,8.111555,0.22744916,-0.45250413,-0.32800564,3,0.07452556,0.002443461,-0.02565634,0
1695794126610,3,0.038307227,5.023035,8.0924015,0.22505496,-0.50038815,-0.11492168,3,0.0720821,-0.009773844,-0.036651913,0
1695794126620,3,0.12449849,5.1666875,8.137892,0.23463176,-0.45489833,-0.016759412,3,0.061086524,-0.02076942,-0.037873644,0
1695794126630,3,0.0023942017,5.245696,8.0445175,0.16280572,-0.4309563,-0.050278235,3,0.058643065,-0.029321533,-0.037873644,0
1695794126640,3,0.05746084,5.130774,7.9343843,0.24420857,-0.2825158,-0.009576807,3,0.07452556,-0.034208454,-0.040317107,0
1695794126650,3,-0.02633622,5.0541596,7.9583263,0.11252748,-0.19393034,-0.107739076,3,0.07574729,-0.02076942,-0.043982297,0
1695794126660,3,0.021547815,5.068525,8.111555,0.1604115,-0.30406362,-0.22266077,3,0.06719518,-0.010995574,-0.052534413,0
1695794126670,3,0.06464344,5.1642933,8.104373,0.06703765,-0.37588966,-0.20111294,3,0.07819075,-0.0061086523,-0.07086037,0
1695794126680,3,0.04070143,5.183447,8.054094,0.110133275,-0.35913026,-0.050278235,3,0.06719518,-0.012217305,-0.073303826,0
1695794126690,3,-0.019153614,5.269638,8.118738,0.14844051,-0.25617957,-0.062249243,3,0.040317107,-0.02687807,-0.065973446,0
1695794126700,3,0.007182605,5.374983,8.200141,0.11971009,-0.23223756,-0.11492168,3,0.021991149,-0.029321533,-0.057421334,0
1695794126710,3,-0.045489833,5.327099,8.228871,0.055066638,-0.1412579,-0.055066638,3,0.014660766,-0.05009095,-0.05009095,0
1695794126720,3,-0.007182605,5.3127337,8.061277,0.076614454,-0.02873042,0.021547815,3,0.014660766,-0.07452556,-0.039095376,0
1695794126730,3,-0.11252748,5.2887917,7.9702973,0.019153614,-0.07182605,0.047884032,3,0.02443461,-0.080634214,-0.034208454,0
1695794126740,3,0.0047884034,5.315128,8.046912,0.05267244,-0.08379706,-0.12210429,3,0.036651913,-0.07086037,-0.03176499,0
1695794126750,3,0.0,5.3941364,8.11395,-0.05746084,-0.10534488,-0.21308395,3,0.056199603,-0.059864793,-0.029321533,0
1695794126760,3,-0.016759412,5.3821654,8.104373,0.05267244,-0.079008654,-0.1364695,3,0.07696902,-0.052534413,-0.02443461,0
1695794126770,3,0.02633622,5.2768207,8.073248,0.04309563,0.0,-0.06943185,3,0.080634214,-0.061086524,-0.018325957,0
1695794126780,3,0.021547815,5.2241483,8.046912,0.021547815,-0.016759412,-0.076614454,3,0.06963864,-0.06963864,-0.013439035,0
1695794126790,3,-0.011971008,5.363012,7.843405,0.062249243,-0.12689269,-0.10295067,3,0.036651913,-0.081855945,-0.008552114,0
1695794126800,3,0.0047884034,5.3127337,7.9224133,0.05267244,-0.18435353,-0.12689269,3,0.007330383,-0.09407325,-0.0036651916,0
1695794126810,3,0.0023942017,5.3247046,7.8649526,0.011971008,-0.050278235,-0.32800564,3,0.059864793,-0.052534413,0.007330383,0
1695794126820,3,0.009576807,5.377377,7.9032598,0.011971008,-0.050278235,-0.32800564,3,0.059864793,-0.052534413,0.007330383,0
1695794126830,3,-0.06703765,5.494693,8.0445175,0.011971008,-0.050278235,-0.32800564,3,0.059864793,-0.052534413,0.007330383,0
1695794126840,3,-0.045489833,5.556942,8.032547,0.011971008,-0.050278235,-0.32800564,3,0.059864793,-0.052534413,0.007330383,0
1695794126850,3,-0.088585466,5.401319,8.025364,0.011971008,-0.050278235,-0.32800564,3,0.059864793,-0.052534413,0.007330383,0
1695794126860,3,-0.07182605,5.365406,7.8146744,0.011971008,-0.050278235,-0.32800564,3,0.059864793,-0.052534413,0.007330383,0
1695794126870,3,-0.016759412,5.257667,7.9008656,0.011971008,-0.050278235,-0.32800564,3,0.059864793,-0.052534413,0.007330383,0
1695794126880,3,-0.038307227,5.317522,7.9008656,0.011971008,-0.050278235,-0.32800564,3,0.059864793,-0.052534413,0.007330383,0
1695794126890,3,-0.1340753,5.461174,7.965509,0.011971008,-0.050278235,-0.32800564,3,0.059864793,-0.052534413,0.007330383,0
1695794126900,3,-0.074220255,5.473145,8.111555,0.011971008,-0.050278235,-0.32800564,3,0.059864793,-0.052534413,0.007330383,0
1695794126910,3,-0.059855044,5.449203,8.00621,0.011971008,-0.050278235,-0.32800564,3,0.059864793,-0.052534413,0.007330383,0
1695794126921,3,0.0047884034,5.303157,7.9343843,0.011971008,-0.050278235,-0.32800564,3,0.059864793,-0.052534413,0.007330383,0
1695794126931,3,-0.031124622,5.2648497,7.833828,0.011971008,-0.050278235,-0.32800564,3,0.059864793,-0.052534413,0.007330383,0
1695794126940,3,0.01436521,5.267244,7.8290396,0.011971008,-0.050278235,-0.32800564,3,0.059864793,-0.052534413,0.007330383,0
1695794126951,3,-0.12210429,5.281609,7.78355,0.011971008,-0.050278235,-0.32800564,3,0.059864793,-0.052534413,0.007330383,0
1695794126961,3,-0.02873042,5.363012,7.81228,0.011971008,-0.050278235,-0.32800564,3,0.059864793,-0.052534413,0.007330383,0
1695794126971,3,0.0023942017,5.415684,7.941567,0.011971008,-0.050278235,-0.32800564,3,0.059864793,-0.052534413,0.007330383,0
1695794126981,3,0.050278235,5.5018754,8.197746,0.011971008,-0.050278235,-0.32800564,3,0.059864793,-0.052534413,0.007330383,0
1695794126991,3,0.04309563,5.511452,8.0924015,0.011971008,-0.050278235,-0.32800564,3,0.059864793,-0.052534413,0.007330383,0
1695794127001,3,0.10534488,5.4659624,7.8888946,0.011971008,-0.050278235,-0.32800564,3,0.059864793,-0.052534413,0.007330383,0
1695794127011,3,0.074220255,5.3366756,7.81228,0.011971008,-0.050278235,-0.32800564,3,0.059864793,-0.052534413,0.007330383,0
1695794127021,3,0.21547815,5.245696,7.773973,0.011971008,-0.050278235,-0.32800564,3,0.059864793,-0.052534413,0.007330383,0
1695794127031,3,0.16759412,5.3606176,7.807492,0.011971008,-0.050278235,-0.32800564,3,0.059864793,-0.052534413,0.007330383,0
1695794127041,3,0.17717093,5.427655,7.8745294,0.011971008,-0.050278235,-0.32800564,3,0.059864793,-0.052534413,0.007330383,0
1695794127051,3,0.24181437,5.4420204,7.979874,0.011971008,-0.050278235,-0.32800564,3,0.059864793,-0.052534413,0.007330383,0
1695794127061,3,0.37349546,5.403713,7.9128366,0.011971008,-0.050278235,-0.32800564,3,0.059864793,-0.052534413,0.007330383,0
1695794127071,3,0.48602295,5.3486466,7.965509,0.16998832,-0.009576807,-0.16519992,3,-0.14172074,-0.07086037,0.09162979,0
1695794127081,3,0.5410896,5.499481,8.018182,0.29448682,-0.04309563,-0.23463176,3,-0.20525073,-0.103847094,0.118507855,0
1695794127091,3,0.61770403,5.2720323,7.9607205,0.39504328,-0.095768064,-0.18435353,3,-0.27366763,-0.14782938,0.14905111,0
1695794127101,3,0.7158663,5.3582234,7.833828,0.4333505,0.059855044,-0.1364695,3,-0.34574974,-0.20525073,0.17470746,0
1695794127111,3,0.5315128,5.434838,7.632715,0.48123455,-0.15801731,-0.19871874,3,-0.34574974,-0.20525073,0.17470746,0
1695794127121,3,0.6871359,5.571307,7.7093296,0.5434838,-0.05746084,-0.33518824,3,-0.38973203,-0.22479841,0.18325958,0
1695794127131,3,0.6584055,6.033388,8.054094,0.31364042,0.033518825,-0.545878,3,-0.42271876,-0.23823744,0.19914207,0
1695794127141,3,0.5722142,6.7444663,8.35337,0.4189853,0.18674773,-0.47884035,3,-0.45937067,-0.23457226,0.22479841,0
1695794127151,3,0.58657944,7.4028716,8.750807,0.34237084,0.6512229,-0.1340753,3,-0.48258355,-0.2125811,0.2565634,0
1695794127161,3,0.35194764,8.585608,9.267955,0.20111294,1.3575124,0.16998832,3,-0.59742624,-0.2761111,0.33964106,0
1695794127171,3,-0.0047884034,9.864111,10.007763,0.16519992,1.982399,0.59136784,3,-0.82833326,-0.37873647,0.4813618,0
1695794127181,3,-0.088585466,10.769119,10.680533,-0.11492168,3.1483753,1.1228806,3,-1.1850786,-0.5326745,0.6963864,0
1695794127191,3,-0.2896984,11.178528,11.166556,-0.5243302,4.4556093,1.8483237,3,-1.6285667,-0.79779,1.0030408,0
1695794127201,3,-0.33997664,11.101913,10.864887,-0.6871359,5.463568,2.4588451,3,-2.1001546,-1.1362094,1.3768903,0
1695794127211,3,-0.3878607,10.66138,10.730812,-1.0079589,6.0142345,2.8658595,3,-2.579073,-1.5381587,1.7910569,0
1695794127221,3,-0.3878607,9.866506,11.147403,-1.2234371,6.1219735,2.4660277,3,-3.4489453,-2.244319,2.5802948,0
1695794127231,3,-0.17956513,8.856153,11.585542,-1.4867992,5.9184666,2.2218192,3,-3.4489453,-2.244319,2.5802948,0
1695794127241,3,-0.17477672,7.433996,12.172121,-1.7812861,5.439626,2.5139117,3,-3.813021,-2.533869,2.918714,0
1695794127251,3,0.06943185,6.459556,12.835316,-1.8483237,4.733337,2.8491,3,-4.605924,-3.2461379,3.4929276,0
1695794127261,3,-0.2705448,5.3199162,13.239936,-2.1811178,3.6990416,3.3327289,3,-4.605924,-3.2461379,3.4929276,0
1695794127271,3,-0.090979666,4.1802764,13.55597,-2.303222,3.1651347,3.9121256,3,-5.6419516,-4.234518,3.975511,0
1695794127281,3,-0.5674258,2.767697,13.314156,-3.040636,2.528277,4.261679,3,-6.2845817,-4.8307223,4.188092,0
1695794127291,3,0.04309563,1.2186487,13.350069,-3.289633,1.9536686,4.560954,3,-6.2845817,-4.8307223,4.188092,0
1695794127301,3,-0.58897364,-0.48123455,12.3277445,-4.220978,1.1851299,4.357447,3,-7.4183474,-6.166074,4.382347,0
1695794127311,3,-0.6919243,-1.7381904,10.824186,-4.0916905,0.35673606,4.5034933,3,-7.8300705,-6.759835,4.324926,0
1695794127321,3,-0.8714894,-2.3415294,8.039729,-5.2265425,-0.545878,3.691859,3,-7.8300705,-6.759835,4.324926,0
1695794127331,3,-1.316811,-2.918532,6.208165,-5.837064,-0.9600749,2.5139117,3,-7.933918,-7.557625,3.7348301,0
1695794127341,3,-1.2138603,-3.715801,5.149928,-6.555324,-0.61291564,0.23942018,3,-7.933918,-7.557625,3.7348301,0
1695794127351,3,-1.1013328,-4.4819455,4.608838,-7.422025,-0.4309563,-1.0486604,3,-7.750658,-7.615046,3.3487632,0
1695794127361,3,-1.13964,-4.6375685,3.4644098,-7.7332716,-0.4429273,-1.400608,3,-7.465995,-7.600385,2.9382617,0
1695794127371,3,-1.043872,-4.012682,2.645593,-7.929596,-0.5363012,-1.2162545,3,-6.922325,-7.6187115,2.0867157,0
1695794127381,3,-2.0278888,-2.6479871,1.4269443,-8.255207,-0.08379706,-1.5131354,3,-7.1984363,-7.706676,1.8264871,0
1695794127391,3,-2.1811178,-0.50278234,-0.90740246,-8.3821,1.043872,-1.4413095,3,-7.1984363,-7.706676,1.8264871,0
1695794127401,3,-2.4516625,0.89064306,-5.389348,-9.531317,2.815581,-1.7310078,3,-8.610757,-8.108625,1.8264871,0
1695794127411,3,-1.697489,0.34715924,-8.178593,-9.787497,5.291186,-3.0789435,3,-8.510574,-8.006,1.8753563,0
1695794127421,3,-0.5291186,-0.2633622,-10.572795,-10.086772,6.945579,-6.4906807,3,-7.8410664,-7.4378953,1.7898352,0
1695794127431,3,0.6512229,-0.7781156,-11.343728,-9.263166,6.5864487,-8.135497,3,-6.8661256,-6.5118237,1.5833627,0
1695794127441,3,1.6927006,-0.6584055,-11.552023,-7.905654,6.066907,-9.284714,3,-6.8661256,-6.5118237,1.5833627,0
1695794127451,3,2.6144683,-1.532289,-11.291056,-6.505046,5.544971,-9.121908,3,-5.773898,-5.445253,1.3756685,0
1695794127461,3,3.9671922,-3.052607,-11.089942,-5.1906295,5.592855,-8.441956,3,-4.5717154,-4.4593163,1.1948525,0
1695794127471,3,5.0996494,-3.8498764,-11.530476,-3.9935284,4.608838,-7.455544,3,-2.4764478,-2.960253,0.9639453,0
1695794127481,3,5.604826,-4.7022123,-12.320562,-2.384625,2.9783869,-6.6870055,3,-2.4764478,-2.960253,0.9639453,0
1695794127491,3,6.603208,-5.374983,-13.103466,-1.0223241,2.087744,-6.6989765,3,-1.7568485,-2.488665,0.86132,0
1695794127501,3,7.0461354,-6.861782,-13.905523,-0.31124622,1.1707647,-7.165846,3,-0.8686504,-1.7336355,0.73548174,0
1695794127511,3,7.4148426,-7.821857,-14.872781,0.866701,0.45489833,-7.699753,3,-0.8686504,-1.7336355,0.73548174,0
1695794127521,3,7.043741,-7.9990277,-16.457743,1.472434,-1.0534488,-8.310274,3,-0.24312437,-0.9737192,0.5571091,0
1695794127530,3,6.955156,-8.298303,-17.168821,1.982399,-2.0231004,-9.131485,3,0.22357668,-0.42271876,0.39950588,0
1695794127540,3,6.6079965,-8.59279,-17.702728,1.7405846,-2.1978772,-10.599131,3,0.22357668,-0.42271876,0.39950588,0
1695794127551,3,6.1770406,-8.252813,-17.645266,1.733402,-2.4851813,-11.252748,3,0.906524,0.2761111,0.13683382,0
1695794127560,3,5.363012,-7.21373,-16.910246,1.4341269,-2.7461493,-11.777079,3,1.7592919,1.1068878,-0.20525073,0
1695794127570,3,4.405331,-6.7348895,-15.641319,0.9959879,-2.3439236,-11.786655,3,2.6193902,2.017077,-0.5338962,0
1695794127580,3,4.0940847,-6.9360023,-13.711593,0.10534488,-1.2138603,-11.21444,3,3.3389895,2.8893926,-0.7672467,0
1695794127590,3,4.201824,-7.1945763,-11.216835,-0.9959879,-0.61770403,-10.21127,3,4.5399504,4.315152,-1.0225884,0
1695794127600,3,3.5003228,-6.50744,-9.55047,-1.5059528,-0.6847417,-8.645462,3,5.150816,4.917465,-1.205848,0
1695794127610,3,2.5498247,-5.377377,-8.604761,-1.6328455,-0.80684596,-6.6079965,3,5.863085,5.376836,-1.4501941,0
1695794127620,3,1.8267759,-3.691859,-7.517793,-2.5881321,0.01436521,-5.4899044,3,6.8563514,5.8985147,-1.7336355,0
1695794127630,3,0.107739076,-2.0374656,-6.0740895,-3.8019924,1.2617443,-5.1906295,3,8.180707,6.6168923,-2.0696115,0
1695794127640,3,-0.46208093,-0.60573304,-4.1036615,-4.8099513,3.040636,-4.9176903,3,9.7677355,7.4769907,-2.3762658,0
1695794127650,3,-0.557849,0.031124622,-0.9504981,-6.751649,4.7261543,-4.247314,3,11.519697,8.345641,-2.7171285,0
1695794127660,3,0.5770026,0.17717093,4.2305546,-7.548918,6.1219735,-3.289633,3,11.519697,8.345641,-2.7171285,0
1695794127670,3,1.4748282,-0.7206547,9.442732,-7.819463,6.6103907,-1.3239936,3,13.288762,9.171531,-3.1398473,0
1695794127680,3,2.4732103,-1.0414777,11.101913,-6.7708025,6.4499793,2.5617957,3,14.652214,9.7042055,-3.6077702,0
1695794127690,3,1.5275006,-1.721431,9.179369,-5.841852,5.0014873,6.303933,3,15.336383,9.354791,-3.9547415,0
1695794127700,3,2.5067291,-2.2960393,5.884948,-4.656722,3.8522706,6.4858923,3,14.886786,6.828252,-4.276057,0
1695794127710,3,2.5258827,-3.2273839,3.25372,-5.281609,2.0853498,3.241749,3,14.351668,6.0035834,-4.4629817,0
1695794127720,3,2.1404164,-3.430891,1.6136919,-3.9073372,0.24420857,-1.0773908,3,14.351668,6.0035834,-4.4629817,0
1695794127730,3,2.542642,-2.5330653,1.1779473,-3.4691982,-2.0398598,-4.4125137,3,13.5831995,5.5869737,-4.6951103,0
1695794127740,3,2.2840683,-1.9297266,0.90500826,-3.3542767,-3.7708676,-6.4978633,3,12.63758,5.208237,-4.8905873,0
1695794127750,3,2.0853498,0.47884035,1.6496049,-2.4995465,-4.096479,-7.0844426,3,11.639426,4.8820353,-5.1300464,0
1695794127760,3,1.0726024,3.3327289,3.0238767,-2.2218192,-4.76925,-7.326257,3,10.266201,4.520403,-5.237559,0
1695794127770,3,-0.11731588,6.5481415,4.582502,-2.2218192,-4.76925,-7.326257,3,10.266201,4.520403,-5.237559,0
1695794127780,3,-0.90979666,10.268731,5.1690817,-2.267309,-1.6687586,-4.7165775,3,5.9864793,3.0482175,-4.7952924,0
1695794127790,3,-2.0949266,12.902353,5.707777,-2.885013,0.7637503,-2.8323407,3,1.9620992,1.4953982,-3.5014796,0
1695794127800,3,-2.243367,13.852851,6.7708025,-3.1651347,3.9312792,-1.9608512,3,1.9620992,1.4953982,-3.5014796,0
1695794127810,3,-1.6759412,13.414712,8.406042,-3.916914,6.2129536,-1.2210429,3,1.0067059,1.1276573,-2.7904325,0
1695794127820,3,-1.1085154,13.857639,11.269507,-3.7253778,6.969521,-0.047884032,3,1.2363913,1.1362094,-1.8887954,0
1695794127830,3,-0.8523358,15.011644,11.860875,-2.8874073,6.4260373,1.6400281,3,1.3927728,1.0641272,-1.6566665,0
1695794127840,3,-1.4796166,16.005238,11.671733,-2.8874073,6.4260373,1.6400281,3,1.3927728,1.0641272,-1.6566665,0
1695794127850,3,-1.0342951,16.778566,11.061212,-2.8874073,6.4260373,1.6400281,3,1.3927728,1.0641272,-1.6566665,0
1695794127860,3,-0.61291564,17.140089,10.893618,-2.8874073,6.4260373,1.6400281,3,1.3927728,1.0641272,-1.6566665,0
1695794127870,3,-0.19871874,16.400282,11.760319,-2.8874073,6.4260373,1.6400281,3,1.3927728,1.0641272,-1.6566665,0
1695794127880,3,0.16519992,15.672444,12.672509,-2.8874073,6.4260373,1.6400281,3,1.3927728,1.0641272,-1.6566665,0
1695794127891,3,0.079008654,14.279019,13.405135,-0.7757214,9.11712,5.2265425,3,-5.0433035,-2.6010642,2.4263568,0
1695794127900,3,0.18195933,12.557588,12.662932,-0.7757214,9.11712,5.2265425,3,-5.0433035,-2.6010642,2.4263568,0
1695794127910,3,0.60094464,11.216835,11.542446,-0.79248077,7.314286,6.5625067,3,-5.6236253,-3.1703906,2.8393016,0
1695794127921,3,0.49799395,10.350134,10.409989,-0.9552865,5.8945246,5.5641246,3,-5.888741,-3.4330628,3.0995302,0
1695794127930,3,0.50278234,8.987833,8.851364,-0.9552865,5.8945246,5.5641246,3,-5.888741,-3.4330628,3.0995302,0
1695794127940,3,0.58897364,7.513005,7.6135616,-1.8267759,3.715801,0.91937345,3,-6.6071186,-3.9547415,3.5112534,0
1695794127951,3,0.770933,5.305551,7.603985,-1.8267759,3.715801,0.91937345,3,-6.6071186,-3.9547415,3.5112534,0
1695794127961,3,1.2521675,2.6288335,8.293514,-1.8267759,3.715801,0.91937345,3,-6.6071186,-3.9547415,3.5112534,0
1695794127971,3,1.5969325,1.3096284,8.049306,-2.4971523,1.2665327,-0.7086837,3,-8.880759,-4.678006,4.0097194,0
1695794127981,3,1.151611,1.685518,6.6893997,-2.4971523,1.2665327,-0.7086837,3,-8.880759,-4.678006,4.0097194,0
1695794127991,3,0.80924016,1.9895816,4.261679,-2.6312277,-1.1659763,-0.4405331,3,-11.252138,-5.8239894,4.0818014,0
1695794128001,3,0.521936,2.2457612,2.5594015,-3.5529952,0.1412579,-1.7717092,3,-12.189205,-6.3175683,4.1221185,0
1695794128011,3,0.5386954,1.7477672,1.6280571,-4.3718123,1.484405,-4.0462008,3,-12.632693,-6.4983845,4.0927973,0
1695794128021,3,1.0390835,0.79966336,1.5634137,-5.106832,2.8299465,-5.446809,3,-12.517851,-6.4922757,3.935194,0
1695794128031,3,0.48841715,0.22744916,0.92655605,-5.5258174,3.5003228,-5.872977,3,-12.049928,-6.355442,3.6566393,0
1695794128041,3,0.09816227,-0.7685388,-1.151611,-5.425261,3.8235402,-5.159505,3,-11.560014,-6.399424,3.386637,0
1695794128051,3,0.17238252,-0.9528923,-3.5936968,-6.2225304,4.197036,-5.0158525,3,-10.905167,-6.4409633,3.1337388,0
1695794128061,3,-0.22744916,-0.7781156,-4.8243165,-6.799533,4.10845,-6.129156,3,-10.288193,-6.1563,2.8771753,0
1695794128071,3,-0.23702596,-0.7445967,-6.0357823,-6.8306575,4.673482,-7.5201874,3,-9.761626,-5.788559,2.6902506,0
1695794128081,3,0.11731588,-1.8459295,-6.897695,-7.264008,5.437232,-7.654263,3,-9.21307,-5.475796,2.579073,0
1695794128091,3,1.4556746,-2.8060043,-6.2488666,-7.228095,5.9064956,-7.771579,3,-8.510574,-5.0481906,2.483778,0
1695794128101,3,0.6823475,-3.2752678,-6.993463,-6.7612257,5.109226,-7.5680714,3,-7.7665405,-4.586376,2.379931,0
1695794128111,3,1.1563994,-3.490746,-9.157822,-5.2480903,4.3382936,-5.896919,3,-7.1459017,-4.384791,2.3383923,0
1695794128121,3,1.9871874,-4.996699,-11.420342,-5.801151,3.9624038,-5.6982,3,-6.433633,-4.2504005,2.3371704,0
1695794128131,3,3.2369606,-6.5960255,-12.909535,-5.0757074,3.763685,-7.007828,3,-5.4012704,-3.7653735,2.2308798,0
1695794128141,3,4.5992613,-9.325416,-13.196839,-3.9336734,2.2122424,-8.408437,3,-4.1648793,-2.9712486,1.9975294,0
1695794128151,3,6.5960255,-11.097125,-12.976573,-2.4061728,0.5410896,-9.263166,3,-4.1648793,-2.9712486,1.9975294,0
1695794128161,3,7.16824,-11.918336,-12.430696,-0.7350199,-2.27928,-8.959103,3,-2.8808405,-2.1453588,1.6175711,0
1695794128171,3,7.831434,-11.480197,-11.98298,1.532289,-4.132392,-8.293514,3,-1.6835446,-1.3756685,1.0800097,0
1695794128181,3,8.099585,-11.329363,-11.427525,2.3199813,-5.0134583,-7.4387846,3,-0.7464773,-0.7257079,0.56321776,0
1695794128191,3,8.169016,-10.6637745,-10.472239,3.1292217,-4.608838,-6.8091097,3,0.33353242,0.17715092,-0.12217305,0
1695794128201,3,7.9104424,-9.993398,-10.048465,3.4739866,-4.4723687,-6.169858,3,0.47647488,0.47891834,-0.25167647,0
1695794128211,3,7.6853876,-10.342952,-9.792285,3.5649664,-3.8019924,-5.197812,3,0.55955255,0.7281514,-0.3213151,0
1695794128221,3,7.690176,-10.84334,-9.354146,3.289633,-3.1196449,-4.805163,3,0.55955255,0.7281514,-0.3213151,0
1695794128231,3,7.371747,-10.4171715,-9.605537,3.0214825,-3.4572272,-4.6040497,3,1.4269812,1.2913691,-0.61941737,0
1695794128241,3,5.686229,-10.225636,-9.900024,2.9616275,-3.940856,-4.24492,3,1.4269812,1.2913691,-0.61941737,0
1695794128251,3,5.2720323,-9.94312,-9.500193,2.5905263,-3.502717,-4.5633483,3,2.1661282,1.6517797,-0.8503244,0
1695794128261,3,4.5633483,-9.050082,-9.078813,0.79726917,-3.2704794,-5.0182467,3,3.0616567,2.2149973,-1.128879,0
1695794128271,3,3.560178,-7.81228,-8.331821,0.24420857,-2.9281087,-4.853047,3,4.9284606,3.4037411,-1.7837266,0
1695794128281,3,2.6120741,-6.205771,-7.501034,-0.641646,-1.9536686,-4.759673,3,5.828876,3.9828415,-2.067168,0
1695794128291,3,1.8842367,-4.709395,-6.349423,-1.8650831,-0.62967503,-4.4484267,3,5.828876,3.9828415,-2.067168,0
1695794128301,3,1.9057846,-4.8482585,-4.3957543,-3.064578,1.055843,-4.1635165,3,7.7579885,5.0579643,-2.4263568,0
1695794128311,3,2.3008277,-5.4204726,-2.96881,-4.06296,2.6072857,-3.667917,3,8.761029,5.4819045,-2.58396,0
1695794128321,3,2.4732103,-5.279215,-1.7717092,-4.3119574,2.4851813,-2.4851813,3,9.6761055,5.710368,-2.8417451,0
1695794128331,3,1.6424223,-4.5992613,-1.70946,-4.1683054,1.8722657,-1.946486,3,10.376157,5.842315,-3.1117475,0
1695794128341,3,1.6831238,-4.0533834,-2.0326772,-4.2305546,1.8722657,-1.8435353,3,10.984579,5.8679714,-3.363424,0
1695794128351,3,1.5251064,-3.3806129,-2.0638018,-5.2049947,2.348712,-2.681506,3,10.984579,5.8679714,-3.363424,0
1695794128361,3,1.5370775,-2.5905263,-1.6065093,-5.281609,2.5354595,-4.0773253,3,11.505036,5.9852576,-3.5979962,0
1695794128371,3,1.4173675,-1.8339585,-0.8858546,-5.499481,2.6886885,-5.2145715,3,11.841012,6.1501913,-3.8179078,0
1695794128381,3,1.5131354,-1.7812861,-0.079008654,-5.473145,2.801216,-5.837064,3,11.823908,6.272364,-4.1868706,0
1695794128391,3,1.6256629,-1.1228806,0.7086837,-5.4922986,2.72939,-6.133945,3,11.439062,6.09277,-4.295604,0
1695794128401,3,1.7645266,-0.6679823,1.5227122,-5.2026005,1.8243817,-6.244078,3,11.439062,6.09277,-4.295604,0
1695794128411,3,1.4676456,-0.22984336,2.5019407,-4.8099513,1.4317327,-6.232107,3,11.027339,5.915619,-4.4043384,0
1695794128421,3,1.4915876,0.7350199,4.1156325,-4.3143516,0.79008657,-6.0285997,3,10.701138,5.7470202,-4.555833,0
1695794128431,3,1.2521675,1.982399,5.257667,-4.1922474,0.11252748,-5.497087,3,10.4348,5.5796432,-4.7354274,0
1695794128441,3,1.292869,3.6990416,6.667852,-3.6367924,-0.15083471,-4.1922474,3,10.3138485,5.373171,-4.978552,0
1695794128451,3,0.4381389,6.3111157,7.9583263,-3.3973722,0.10055647,-3.1651347,3,10.100046,5.059186,-5.1838026,0
1695794128461,3,0.11971009,9.545682,8.286332,-2.7844565,0.7326257,-1.7381904,3,8.565553,3.9767327,-5.114164,0
1695794128471,3,-0.61291564,12.39957,8.231265,-3.0382419,2.3080103,-0.2873042,3,8.565553,3.9767327,-5.114164,0
1695794128481,3,-1.0510546,14.841657,8.564059,-2.741361,4.6016555,0.3184288,3,7.228979,3.0763173,-4.6804495,0
1695794128491,3,-1.1947067,16.263813,8.396465,-2.8921957,6.658275,0.62009823,3,5.385388,2.2382102,-3.9278636,0
1695794128501,3,-1.4628572,16.871939,7.821857,-2.8179753,8.470686,1.328782,3,3.2217033,1.3182472,-2.9541442,0
1695794128511,3,-1.6831238,17.06108,7.6710224,-2.8179753,8.470686,1.328782,3,3.2217033,1.3182472,-2.9541442,0
1695794128521,3,-1.3192052,16.02918,8.334216,-2.5187001,9.801862,1.1133038,3,-0.23823744,-0.14172074,-1.1630874,0
1695794128531,3,-0.9816227,15.239094,9.255983,-2.5689783,9.892841,1.0462662,3,-0.9285152,-0.3115413,-0.5705481,0
1695794128541,3,-0.7517793,14.729129,10.400413,-2.123657,8.865729,1.6903064,3,-0.9443977,-0.26389378,-0.21746802,0
1695794128551,3,-0.39983168,14.389153,11.686098,-1.7669208,8.128315,2.5570073,3,-0.57543504,-0.12095132,-0.029321533,0
1695794128561,3,-0.11252748,13.88637,11.949461,-1.5394717,7.678205,3.6367924,3,-0.22113322,-0.064751714,0.14172074,0
1695794128571,3,0.2873042,13.15135,12.023681,-1.1947067,7.3789296,4.8817773,3,-0.16737708,-0.21502456,0.39584067,0
1695794128581,3,0.45968673,12.495338,12.112267,-0.92176765,6.8905125,5.130774,3,-0.43371433,-0.5656612,0.74036866,0
1695794128591,3,0.5434838,11.903971,12.126632,-0.5626374,6.169858,5.195418,3,-1.0299188,-0.97005403,1.1582005,0
1695794128601,3,0.581791,10.836157,11.745954,-0.48123455,5.5497594,5.2600613,3,-1.9620992,-1.4587462,1.6530013,0
1695794128611,3,0.39743748,9.727641,10.948685,-0.5434838,5.0421886,5.2121773,3,-3.0347786,-2.0476203,2.194228,0
1695794128621,3,0.4381389,8.628703,8.848969,-0.7182605,4.1299977,4.7165775,3,-4.690223,-3.1532865,3.082426,0
1695794128631,3,0.6847417,7.273585,6.7444663,-1.1947067,3.2680852,3.7469256,3,-4.690223,-3.1532865,3.082426,0
1695794128641,3,0.90021986,6.2368956,5.2959743,-1.6184803,2.60968,1.388637,3,-5.072625,-3.549127,3.3426547,0
1695794128651,3,1.30484,4.185065,4.8458643,-1.7477672,1.6352397,-0.89543146,3,-5.171585,-3.6554177,3.4611626,0
1695794128661,3,1.7621324,2.9017725,6.0022635,-1.9871874,1.079785,-2.5258827,3,-5.1874676,-3.4074063,3.5075881,0
1695794128671,3,1.8579005,2.2481554,6.5840545,-2.042254,-0.45489833,-3.1148565,3,-5.5454345,-3.3304374,3.604105,0
1695794128681,3,1.7956513,2.1212628,6.143522,-2.0111294,-1.1971009,-2.0638018,3,-6.2821383,-3.4855971,3.758043,0
1695794128691,3,1.42455,2.1045034,4.819528,-2.3223755,-1.2569559,-1.5586253,3,-7.4000216,-3.9522982,3.9681807,0
1695794128701,3,1.1252748,2.0973208,2.942474,-2.777274,-0.7206547,-2.0470424,3,-10.090272,-5.2424455,4.5802674,0
1695794128711,3,0.7182605,1.5921441,0.7374141,-3.526659,-0.007182605,-3.3734303,3,-11.156843,-5.738468,4.825835,0
1695794128721,3,0.40701428,1.1061212,-1.1994951,-4.256891,0.89543146,-5.1642933,3,-11.156843,-5.738468,4.825835,0
1695794128731,3,0.40940848,0.2825158,-2.8514943,-5.1140146,1.4532804,-7.144298,3,-12.209974,-6.2015038,5.0066514,0
1695794128741,3,1.1899183,-0.8451532,-4.015076,-5.8825536,2.2290018,-8.63828,3,-12.209974,-6.2015038,5.0066514,0
1695794128751,3,1.2785037,-1.5562311,-5.1930237,-6.1985884,2.4636335,-9.758766,3,-12.087802,-6.134309,4.9333477,0
1695794128761,3,1.4341269,-2.6862943,-5.6982,-5.686229,2.4708161,-10.170568,3,-11.660195,-5.8362064,4.718323,0
1695794128771,3,2.554613,-3.5984852,-5.403713,-5.758055,2.791639,-10.457873,3,-11.040778,-5.095838,4.315152,0
1695794128781,3,2.432509,-4.2760444,-5.7484784,-5.6551046,2.552219,-9.991004,3,-11.040778,-5.095838,4.315152,0
1695794128791,3,2.822764,-4.9105077,-7.3669586,-4.486734,2.384625,-8.683769,3,-10.34317,-4.615698,3.8741074,0
1695794128801,3,3.3518825,-5.1475334,-8.947132,-4.477157,2.3104045,-7.97748,3,-9.627236,-4.3945646,3.6334264,0
1695794128811,3,3.7110126,-6.3781533,-10.184934,-3.8881836,2.1380222,-8.535329,3,-9.627236,-4.3945646,3.6334264,0
1695794128821,3,4.5274353,-8.1402855,-10.2495775,-3.110068,2.2218192,-9.066842,3,-7.044498,-3.0860913,2.9064968,0
1695794128831,3,5.2528787,-10.402806,-9.533711,-2.4636335,1.1851299,-9.308656,3,-7.044498,-3.0860913,2.9064968,0
1695794128841,3,6.2009826,-12.428301,-8.978256,-1.3120226,-0.48602295,-8.403648,3,-3.811799,-1.4758505,2.0647244,0
1695794128851,3,6.715736,-14.032416,-8.3868885,-1.3120226,-0.48602295,-8.403648,3,-3.811799,-1.4758505,2.0647244,0
1695794128861,3,6.871359,-14.920665,-8.784326,0.8714894,-4.7764325,-5.9543796,3,-1.142318,-0.453262,1.1533136,0
1695794128871,3,7.1754227,-15.406688,-9.478644,1.5921441,-6.3949127,-4.9919105,3,-0.2321288,-0.2125811,0.7122689,0
1695794128881,3,7.3166804,-15.102624,-9.548077,1.5921441,-6.3949127,-4.9919105,3,-0.2321288,-0.2125811,0.7122689,0
1695794128891,3,7.0605006,-14.231135,-9.246407,0.4309563,-1.7525556,-5.6886234,3,3.4526103,2.2186625,-1.5467108,0
1695794128901,3,6.7588315,-13.053187,-9.141062,0.4309563,-1.7525556,-5.6886234,3,3.4526103,2.2186625,-1.5467108,0
1695794128911,3,6.4260373,-11.999739,-9.136273,0.4309563,-1.7525556,-5.6886234,3,3.4526103,2.2186625,-1.5467108,0
1695794128921,3,5.971139,-10.857705,-9.0716305,0.4309563,-1.7525556,-5.6886234,3,3.4526103,2.2186625,-1.5467108,0
1695794128931,3,5.506664,-9.545682,-8.789114,0.4309563,-1.7525556,-5.6886234,3,3.4526103,2.2186625,-1.5467108,0
1695794128941,3,4.7620673,-8.441956,-8.406042,0.4309563,-1.7525556,-5.6886234,3,3.4526103,2.2186625,-1.5467108,0
1695794128951,3,4.757279,-7.5680714,-6.8545995,0.4309563,-1.7525556,-5.6886234,3,3.4526103,2.2186625,-1.5467108,0
1695794128961,3,4.2760444,-7.2831616,-4.9775453,0.4309563,-1.7525556,-5.6886234,3,3.4526103,2.2186625,-1.5467108,0
1695794128971,3,4.225766,-6.6391215,-3.1627405,-0.6464345,0.24420857,-4.43885,3,6.1208696,3.7592647,-2.1771238,0
1695794128981,3,4.086902,-5.8705826,-1.8698715,-1.3263878,0.5267244,-3.0502129,3,8.131838,4.3493605,-2.5631905,0
1695794128991,3,3.9743748,-5.710171,-1.1109096,-1.3263878,0.5267244,-3.0502129,3,8.131838,4.3493605,-2.5631905,0
1695794129001,3,3.5793316,-4.8626237,-1.1444284,-1.9273324,1.8435353,-1.2306197,3,9.059132,4.5570545,-2.7721064,0
1695794129011,3,3.347094,-4.5657425,-0.82360536,-1.9273324,1.8435353,-1.2306197,3,9.059132,4.5570545,-2.7721064,0
1695794129021,3,3.335123,-3.7421372,-0.30645782,-2.791639,2.5139117,-2.1811178,3,10.355388,4.9419,-3.0897565,0
1695794129031,3,2.8491,-2.9783869,0.36391866,-3.1531637,2.5139117,-2.753332,3,11.026117,5.1984634,-3.3304374,0
1695794129041,3,3.0142999,-2.7629087,0.7015011,-3.2561142,2.882619,-3.2680852,3,11.658974,5.396384,-3.5381315,0
1695794129051,3,3.1435869,-2.0518308,1.6256629,-3.7684734,3.145981,-3.4859576,3,11.658974,5.396384,-3.5381315,0
1695794129061,3,3.0478187,-1.8459295,2.4229321,-3.5697548,2.6623523,-4.1276035,3,12.294274,5.5674257,-3.7775908,0
1695794129071,3,3.1747115,-0.89543146,4.1706996,-3.3303347,2.5258827,-4.1395745,3,12.702332,5.744577,-4.0097194,0
1695794129081,3,3.4093432,-0.8882488,4.6232033,-3.2369606,1.7286136,-4.197036,3,12.997991,5.6187387,-4.3860126,0
1695794129091,3,3.4045548,-0.78529817,5.085284,-2.8275523,1.5442601,-3.1842883,3,12.905139,5.3914967,-4.5594983,0
1695794129101,3,2.9257145,-0.46447513,4.927267,-2.243367,0.30406362,-3.2968156,3,12.802514,5.099503,-4.8270574,0
1695794129111,3,2.695871,1.520318,4.745308,-1.8363527,-0.8858546,-3.1986535,3,12.555724,4.855157,-5.144707,0
1695794129121,3,1.9081788,4.3167458,4.853047,-1.8531121,-1.8770541,-3.514688,3,12.086579,4.4642034,-5.4098225,0
1695794129131,3,1.1755531,7.7189064,5.1906295,-1.5682021,-1.1827357,-3.6583402,3,11.083539,4.0329323,-5.4916787,0
1695794129141,3,0.038307227,11.068395,6.14831,-1.7477672,0.2753332,-3.2968156,3,9.445198,3.4074063,-5.281541,0
1695794129151,3,-0.90979666,14.358027,7.273585,-1.9680338,2.7150247,-2.6312277,3,7.184997,2.5925121,-4.741536,0
1695794129161,3,-1.721431,16.551117,7.9583263,-2.5570073,5.1930237,-1.2569559,3,4.4996333,1.6016886,-3.866777,0
1695794129171,3,-2.3798366,17.863138,6.179435,-3.0262709,7.855376,0.25139117,3,1.971873,0.5363397,-2.8002062,0
1695794129181,3,-2.0326772,16.558298,5.185841,-3.4691982,9.662998,1.2066777,3,0.17959438,-0.3115413,-1.7519615,0
1695794129191,3,-1.3862427,14.705187,5.511452,-3.8953662,10.79785,-0.4429273,3,-0.65240407,-0.77946407,-0.8686504,0
1695794129201,3,-0.8762778,13.148955,6.5481415,-3.4452562,9.454702,-1.4173675,3,-0.6267477,-0.67073005,-0.30787608,0
1695794129211,3,-0.16998832,12.2559185,8.085219,-2.7868507,7.632715,-1.127669,3,-0.13439035,-0.23701571,-0.05131268,0
1695794129221,3,-0.019153614,12.140997,9.203311,-2.3008277,6.1123967,-0.12449849,3,0.5338962,0.20158553,0.11484267,0
1695794129231,3,0.007182605,12.476185,9.296685,-1.6065093,5.2265425,1.4053963,3,0.5338962,0.20158553,0.11484267,0
1695794129241,3,0.2633622,12.088325,8.623915,-1.4532804,5.0900726,2.5450363,3,0.46670106,0.06352998,0.24312437,0
1695794129251,3,0.6799533,11.152191,8.293514,-1.4221559,5.3941364,2.6719291,3,-0.012217305,-0.44226643,0.7892379,0
1695794129261,3,1.0534488,10.354922,8.3390045,-1.1803415,4.9799395,2.030283,3,-0.012217305,-0.44226643,0.7892379,0
1695794129271,3,1.3431472,9.78989,8.425196,-0.81163436,4.0318356,1.721431,3,-0.97249746,-0.8564331,1.4538593,0
1695794129281,3,1.7310078,9.287108,8.549694,-0.5243302,3.2465374,1.7741034,3,-1.6798794,-1.1618657,1.8167132,0
1695794129291,3,1.292869,8.935161,8.611943,-0.35434186,2.7269957,1.8411411,3,-2.543643,-1.5125023,2.221106,0
1695794129301,3,1.3958195,8.623915,8.049306,-0.12449849,2.315193,1.9129672,3,-3.435506,-1.953547,2.6352727,0
1695794129311,3,1.3838485,7.893683,7.2544312,-0.7661445,2.111686,1.8818425,3,-4.192979,-2.3603833,3.0127873,0
1695794129321,3,1.3742718,7.3909006,6.727707,-0.91458505,2.0207062,1.1803415,3,-4.7989573,-2.637716,3.3292155,0
1695794129331,3,1.5562311,6.7708025,5.710171,-1.2330139,1.5945383,0.21308395,3,-4.7989573,-2.637716,3.3292155,0
1695794129341,3,1.8028339,5.9998693,4.948815,-1.6304513,1.5155296,-0.51954174,3,-5.5588737,-3.0066788,3.7323866,0
1695794129351,3,2.0470424,4.8003745,4.283227,-1.7932571,1.3072342,-1.7070658,3,-5.8728585,-3.087313,3.866777,0
1695794129361,3,2.3295584,3.6463692,4.644751,-1.9440918,1.055843,-2.6408045,3,-6.2247167,-3.145956,3.9681807,0
1695794129371,3,2.516306,3.0693667,5.303157,-2.1045034,0.4285621,-3.4476504,3,-6.6083403,-3.1887167,4.079358,0
1695794129381,3,2.006341,2.1883004,5.1571107,-2.2002714,-0.12928689,-3.1866825,3,-7.1520104,-3.3292155,4.1990876,0
1695794129391,3,2.4660277,1.8459295,4.156334,-2.360683,-0.095768064,-2.5881321,3,-7.9278092,-3.6774087,4.408004,0
1695794129401,3,2.1763294,1.1779473,2.5067291,-3.2273839,-0.2705448,-2.7581203,3,-8.868542,-4.11601,4.658458,0
1695794129411,3,1.9249382,0.5650316,0.81163436,-3.1172507,0.17717093,-3.727772,3,-9.72864,-4.520403,4.8563786,0
1695794129421,3,1.8124107,-0.038307227,-0.6847417,-3.7493198,0.38307226,-5.2648497,3,-10.384709,-4.7891836,5.0115385,0
1695794129431,3,2.5139117,-0.7541735,-1.2545617,-4.331111,0.7326257,-6.7372837,3,-10.728016,-4.889365,5.0384164,0
1695794129441,3,2.054225,-1.4700398,-2.0231004,-4.76925,1.2593501,-7.836222,3,-10.963809,-4.8075094,4.9883256,0
1695794129451,3,2.4253263,-2.2529438,-2.719813,-4.285621,1.4915876,-7.9511437,3,-11.10553,-4.7635274,4.940678,0
1695794129461,3,2.5306711,-3.2920272,-3.6535518,-4.9176903,1.8076223,-8.087613,3,-10.980914,-4.742758,4.773301,0
1695794129471,3,2.765303,-4.2664676,-3.8546648,-4.63278,1.9991584,-8.032547,3,-10.866071,-4.511851,4.577824,0
1695794129481,3,2.432509,-3.9983168,-5.0302176,-4.5274353,1.8507179,-8.109161,3,-11.330329,-4.3676863,4.4666467,0
1695794129491,3,2.5570073,-4.4436383,-6.4882865,-4.2185836,1.6472107,-7.369353,3,-11.523362,-4.4031167,4.5252895,0
1695794129501,3,3.2680852,-5.5377884,-7.807492,-4.381389,2.6192567,-7.455544,3,-11.208156,-4.324926,4.465425,0
1695794129511,3,3.4261026,-6.5505357,-8.53054,-4.0581717,2.6408045,-7.9511437,3,-10.2820835,-3.893655,4.1954226,0
1695794129521,3,3.071761,-7.3789296,-9.188946,-3.0573955,1.9440918,-8.145074,3,-8.881981,-3.2522466,3.794695,0
1695794129531,3,3.289633,-8.856153,-9.679757,-2.5498247,1.1803415,-7.750031,3,-7.125132,-2.5411994,3.331659,0
1695794129541,3,3.6894648,-10.503363,-9.694122,-2.4875755,0.46447513,-7.2807674,3,-5.117829,-1.7910569,2.8527408,0
1695794129551,3,4.7165775,-12.557588,-9.138668,-1.934515,-1.0103531,-6.9862804,3,-2.8722885,-1.0225884,2.307849,0
1695794129561,3,5.530606,-14.961367,-8.76996,-1.1611878,-2.7150247,-6.2464724,3,-0.643852,-0.2443461,1.6713274,0
1695794129571,3,6.143522,-15.947778,-8.640674,0.12210429,-4.817134,-5.255273,3,1.2205088,0.36285394,1.0067059,0
1695794129581,3,6.493075,-16.601395,-8.791509,1.1563994,-7.2328835,-4.618415,3,2.538756,0.8197812,0.42149702,0
1695794129591,3,6.9240313,-16.711529,-9.287108,1.910573,-8.176199,-4.429273,3,3.3292155,1.1533136,-0.039095376,0
1695794129601,3,6.9383965,-16.218323,-9.174581,2.3223755,-8.736442,-4.6902413,3,3.7189476,1.4990633,-0.40194935,0
1695794129611,3,7.1083846,-16.02918,-8.018182,2.755726,-8.726865,-5.4204726,3,3.7836993,1.9339994,-0.66828656,0
1695794129621,3,7.2783732,-15.47612,-6.981492,2.7246015,-8.111555,-5.6239796,3,3.7250562,2.2834144,-0.91629785,0
1695794129631,3,6.9767036,-14.889541,-5.6646814,2.8107927,-7.8146744,-4.8362875,3,3.7702603,2.5448647,-1.2315043,0
1695794129641,3,6.871359,-13.551182,-4.534618,2.8562827,-7.1706343,-4.235343,3,4.0818014,2.8539624,-1.5674802,0
1695794129651,3,6.706159,-11.741165,-2.5091233,2.432509,-6.5337763,-3.289633,3,4.641354,3.2070425,-1.9388863,0
1695794129661,3,5.93762,-10.364499,-0.842759,2.1691468,-5.171476,-2.5929205,3,5.4269266,3.5124753,-2.3176227,0
1695794129671,3,5.6359506,-8.925584,0.60333884,1.8243817,-3.3662477,-1.043872,3,6.418972,3.7140608,-2.6438248,0
1695794129681,3,5.0493712,-8.324639,1.2258313,0.8355764,-2.0374656,0.016759412,3,7.4696603,3.8460076,-2.982244,0
1695794129691,3,4.9057193,-7.371747,0.6631939,0.34476504,-0.6775591,0.89543146,3,8.449488,3.8570032,-3.1936035,0
1695794129701,3,4.5154643,-6.205771,0.39504328,-0.45489833,-0.22266077,0.79248077,3,9.365786,3.943746,-3.3829718,0
1695794129711,3,4.1060557,-5.2959743,0.23223756,-0.80445176,0.49799395,-0.581791,3,10.177015,4.1587706,-3.5760052,0
1695794129721,3,3.8857894,-4.3478703,0.34955344,-1.3742718,1.3359646,-1.7238252,3,10.921049,4.408004,-3.739717,0
1695794129731,3,3.596091,-3.4859576,0.78529817,-1.9297266,1.8028339,-2.8083985,3,11.607661,4.6865582,-3.908316,0
1695794129741,3,4.06296,-2.7222073,2.5474305,-2.2601264,2.0494366,-3.821146,3,12.181874,4.982217,-4.0683627,0
1695794129751,3,3.6774938,-2.1284454,3.371036,-2.5761611,2.3678656,-4.086902,3,12.537398,5.122716,-4.21497,0
1695794129761,3,3.3662477,-1.3551182,3.2752678,-2.0685902,2.2050598,-3.3039982,3,12.6424675,4.950452,-4.318817,0
1695794129771,3,3.3854012,-0.7637503,3.2202013,-2.3391352,1.8914193,-3.241749,3,12.561832,4.673119,-4.3676863,0
1695794129781,3,3.1052797,-0.2657564,3.1531637,-2.4133554,1.42455,-4.1395745,3,12.511742,4.509407,-4.4495425,0
1695794129791,3,2.834735,-0.45729253,3.383007,-2.1380222,0.92416185,-4.699818,3,12.457986,4.4361033,-4.592485,0
1695794129801,3,3.2034419,-0.39983168,3.7612908,-2.0494366,0.04309563,-5.1810527,3,12.246627,4.3322563,-4.7342057,0
1695794129811,3,3.107674,-0.320823,3.5745432,-1.9680338,-1.2952632,-5.1235914,3,1.2754866,0.37751472,-0.7672467,0
1695794129821,3,2.4492683,0.4357447,3.1866825,-1.9680338,-1.2952632,-5.1235914,3,1.2754866,0.37751472,-0.7672467,0
1695794129831,3,2.1188686,1.8195933,3.064578,-1.9680338,-1.2952632,-5.1235914,3,1.2754866,0.37751472,-0.7672467,0
1695794129841,3,1.7812861,4.2664676,3.4452562,-1.9680338,-1.2952632,-5.1235914,3,1.2754866,0.37751472,-0.7672467,0
1695794129851,3,0.7278373,6.8545995,4.295198,-1.9680338,-1.2952632,-5.1235914,3,1.2754866,0.37751472,-0.7672467,0
1695794129861,3,-0.46447513,9.672575,5.195418,-1.9680338,-1.2952632,-5.1235914,3,1.2754866,0.37751472,-0.7672467,0
1695794129871,3,-1.3551182,12.100295,5.1355624,-1.9680338,-1.2952632,-5.1235914,3,1.2754866,0.37751472,-0.7672467,0
1695794129881,3,-1.5705963,12.768278,4.5082817,-1.9680338,-1.2952632,-5.1235914,3,1.2754866,0.37751472,-0.7672467,0
1695794129891,3,-1.661576,12.58153,4.8937483,-1.9680338,-1.2952632,-5.1235914,3,1.2754866,0.37751472,-0.7672467,0
1695794129901,3,-1.3263878,12.694057,5.9064956,-1.9680338,-1.2952632,-5.1235914,3,1.2754866,0.37751472,-0.7672467,0
1695794129911,3,-1.520318,13.448231,6.6391215,-1.9680338,-1.2952632,-5.1235914,3,1.2754866,0.37751472,-0.7672467,0
1695794129921,3,-1.6663644,13.998898,7.2185183,-1.9680338,-1.2952632,-5.1235914,3,1.2754866,0.37751472,-0.7672467,0
1695794129931,3,-1.5586253,14.398729,7.501034,-1.9680338,-1.2952632,-5.1235914,3,1.2754866,0.37751472,-0.7672467,0
1695794129941,3,-1.4915876,14.374787,7.302315,-1.9680338,-1.2952632,-5.1235914,3,1.2754866,0.37751472,-0.7672467,0
1695794129951,3,-1.3934253,14.312538,7.062895,-1.9680338,-1.2952632,-5.1235914,3,1.2754866,0.37751472,-0.7672467,0
1695794129961,3,-1.2210429,14.147338,7.2185183,-1.9680338,-1.2952632,-5.1235914,3,1.2754866,0.37751472,-0.7672467,0
1695794129971,3,-1.3000516,14.379576,7.383718,-1.9680338,-1.2952632,-5.1235914,3,1.2754866,0.37751472,-0.7672467,0
1695794129981,3,-1.2880806,13.970167,7.529764,-1.1707647,5.9878983,2.3199813,3,-1.7287487,-0.98349303,1.6444492,0
1695794129991,3,-1.13964,12.842498,7.443573,-1.1707647,5.9878983,2.3199813,3,-1.7287487,-0.98349303,1.6444492,0
1695794130001,3,-0.9864111,11.781867,6.9527617,-1.3000516,5.638345,2.3678656,3,-3.0750957,-1.6151277,2.7855456,0
1695794130011,3,-0.7062895,10.805033,6.10282,-1.3192052,4.5920787,2.1523874,3,-3.6920695,-1.9230038,3.299894,0
1695794130021,3,-0.34955344,9.363723,5.451597,-1.4460979,3.6822822,1.448492,3,-4.2723913,-2.1832323,3.7372735,0
1695794130031,3,0.11731588,8.137892,5.2768207,-1.448492,2.8754363,0.38307226,3,-4.8331656,-2.3506095,4.0903535,0
1695794130041,3,0.3854665,7.1275387,5.17387,-1.5346833,1.733402,-0.58657944,3,-5.5014524,-2.4923303,4.390899,0
1695794130051,3,0.47165772,5.973533,4.8865657,-1.400608,0.7589619,-0.9959879,3,-5.5014524,-2.4923303,4.390899,0
1695794130061,3,0.6655881,4.9536033,4.280833,-1.6208745,0.16998832,-1.4341269,3,-6.4201937,-2.719572,4.714658,0
1695794130071,3,0.8619126,3.6367924,3.5793316,-1.9536686,-0.5602432,-2.006341,3,-7.5954986,-3.104417,5.1068335,0
1695794130081,3,0.90500826,2.3127987,2.9113493,-2.2936451,-0.94092125,-2.9712043,3,-8.841663,-3.540575,5.5038958,0
1695794130091,3,1.1779473,1.3144168,2.0925324,-2.552219,-1.6160861,-3.9600096,3,-10.014524,-3.938859,5.8533106,0
1695794130101,3,0.770933,0.94331545,0.38307226,-3.052607,-2.0326772,-4.9344497,3,-11.079874,-4.3175955,6.119648,0
1695794130111,3,0.5386954,0.021547815,-2.1811178,-3.265691,-2.0925324,-5.9543796,3,-13.017538,-5.062851,6.467841,0
1695794130121,3,1.2521675,-0.93373865,-5.351041,-4.2425256,-1.1587936,-7.776367,3,-13.500122,-5.398827,6.5240407,0
1695794130131,3,1.9895816,-2.7844565,-7.4627266,-4.9057193,-0.90021986,-10.283096,3,-13.500122,-5.398827,6.5240407,0
1695794130141,3,2.767697,-5.461174,-6.9264255,-4.6806645,-0.17477672,-13.12262,3,-13.291206,-5.2595496,6.31879,0
1695794130151,3,3.1866825,-7.3190746,-5.389348,-4.2281604,-0.7541735,-14.769831,3,-12.060924,-3.4855971,5.390275,0
1695794130161,3,4.050989,-9.449914,-3.881001,-3.643975,-2.1068976,-13.543999,3,-12.060924,-3.4855971,5.390275,0
1695794130171,3,4.865018,-10.405201,-2.6647465,-3.2704794,-2.791639,-11.216835,3,-11.50137,-2.8050933,4.8270574,0
1695794130181,3,5.118803,-10.3692875,-2.3415294,-3.2704794,-2.791639,-11.216835,3,-11.50137,-2.8050933,4.8270574,0
1695794130191,3,4.7620673,-10.0987425,-3.3135753,-3.2704794,-2.791639,-11.216835,3,-11.50137,-2.8050933,4.8270574,0
1695794130201,3,4.88896,-9.148245,-3.7924154,-0.90021986,-3.3399115,-5.5737014,3,-11.118969,-2.5033257,3.5833356,0
1695794130211,3,4.486734,-9.119514,-3.904943,-1.0630256,-2.5809495,-5.6886234,3,-10.731681,-2.4874432,3.2522466,0
1695794130221,3,4.3598413,-9.083601,-3.8426938,-0.6823475,-1.1827357,-5.0637364,3,-8.578992,-1.6945401,2.533869,0
1695794130231,3,4.132392,-9.909601,-3.6822822,-0.8403648,-0.89303726,-4.173094,3,-7.136128,-1.3683381,2.239432,0
1695794130241,3,4.1515455,-11.250354,-4.120421,-0.6967127,-0.7182605,-3.0909145,3,-5.540548,-1.1753048,1.9682078,0
1695794130251,3,4.7141833,-12.8209505,-5.434838,-0.7158663,-1.5179238,-2.207454,3,-5.540548,-1.1753048,1.9682078,0
1695794130261,3,5.559336,-14.425065,-6.5026517,-0.48362875,-2.8802247,-1.982399,3,-1.8325957,-0.79901177,1.2290609,0
1695794130271,3,6.0142345,-15.435418,-7.491457,0.2705448,-4.4963107,-2.7820623,3,-1.8325957,-0.79901177,1.2290609,0
1695794130281,3,6.375759,-16.041151,-7.678205,1.2808979,-6.133945,-3.4979286,3,-0.3005457,-0.4447099,0.75869465,0
1695794130291,3,7.0605006,-15.966931,-6.8545995,1.8626889,-7.1490865,-4.2999864,3,0.78801614,-0.07819075,0.26511553,0
1695794130301,3,6.945579,-15.224729,-5.81791,2.3008277,-7.7332716,-4.4436383,3,1.3304645,0.68661255,-0.74281216,0
1695794130311,3,6.4858923,-12.325351,-4.450821,3.0119057,-7.6231384,-3.6822822,3,1.3304645,0.68661255,-0.74281216,0
1695794130321,3,6.0262055,-10.8864355,-4.1371803,2.873042,-6.8450227,-2.7748797,3,1.0054842,0.64751714,-0.8576548,0
1695794130331,3,5.329493,-9.653421,-3.9671922,2.3295584,-3.9336734,-1.5490485,3,1.1924089,0.68416905,-1.1191051,0
1695794130341,3,5.1906295,-9.081207,-3.9695864,1.769315,-2.504335,-1.3575124,3,1.1924089,0.68416905,-1.1191051,0
1695794130351,3,5.2145715,-8.690952,-4.0054994,0.9840169,-1.2856863,-1.2808979,3,2.5314255,0.98471475,-1.4159856,0
1695794130361,3,5.032612,-8.51857,-3.9504328,0.7350199,-0.7302315,-1.412579,3,2.5314255,0.98471475,-1.4159856,0
1695794130371,3,4.7860093,-8.259995,-3.9073372,0.6344634,-0.35434186,-1.6280571,3,4.9113564,1.6395624,-1.9144517,0
1695794130381,3,4.6375685,-7.5321584,-3.442862,0.31124622,-0.19153613,-1.8291701,3,4.9113564,1.6395624,-1.9144517,0
1695794130391,3,4.608838,-7.33344,-1.8291701,-0.093373865,0.05746084,-2.1499932,3,6.323677,2.085494,-2.2321017,0
1695794130401,3,4.960786,-7.275979,-0.38307226,-0.4261679,0.7637503,-2.1739352,3,9.252165,3.1874948,-2.9162707,0
1695794130411,3,4.96318,-6.7971387,0.8499416,-0.6584055,0.90740246,-1.1923125,3,10.588738,3.6089919,-3.2693508,0
1695794130421,3,4.6782703,-5.98311,2.1428106,-0.5243302,0.8451532,-0.5243302,3,11.645535,3.935194,-3.554014,0
1695794130431,3,4.534618,-4.6040497,3.7373488,-0.7374141,1.1061212,-0.21068975,3,12.588711,4.148997,-3.7836993,0
1695794130441,3,4.546589,-4.0653543,4.7189717,-1.2306197,1.532289,-0.016759412,3,12.588711,4.148997,-3.7836993,0
1695794130451,3,4.8626237,-3.8857894,5.626374,-1.5107412,2.4779987,0.6727707,3,13.495235,4.2907176,-4.002389,0
1695794130461,3,4.8698063,-3.6511576,6.081272,-1.6041151,2.348712,0.581791,3,14.900225,4.174653,-4.3640213,0
1695794130471,3,4.4077253,-4.2066126,5.5856724,-1.3263878,1.6496049,0.4165911,3,15.17878,3.966959,-4.4984117,0
1695794130481,3,4.900931,-4.606444,4.4819455,-1.2856863,0.81163436,-0.10295067,3,15.173893,3.595553,-4.6108108,0
1695794130491,3,5.046977,-5.195418,3.4596214,-1.6400281,-0.9911995,-1.4269443,3,15.173893,3.595553,-4.6108108,0
1695794130501,3,5.3701944,-5.305551,2.777274,-0.9696517,-2.7724855,-3.1507695,3,14.96009,3.3072245,-4.7989573,0
1695794130512,3,5.2768207,-5.011064,1.8818425,-0.59376204,-4.8147397,-4.548983,3,13.899628,2.9553661,-5.345071,0
1695794130522,3,4.72376,-3.7205894,1.412579,0.009576807,-6.397307,-5.3606176,3,13.035864,2.7806585,-5.6590557,0
1695794130532,3,3.8474822,-1.2641385,1.2042835,0.260968,-7.5345526,-6.155493,3,11.616214,2.5216517,-5.7775636,0
1695794130542,3,2.0494366,2.1188686,0.7326257,0.15562311,-7.728483,-6.2823853,3,9.737192,2.0305161,-5.7140336,0
1695794130552,3,0.61052144,6.8641763,0.33758244,-0.29927522,-6.3709707,-6.0645127,3,7.4721036,1.4196508,-5.364619,0
1695794130562,3,-0.7661445,12.105083,0.59855044,-1.5969325,-4.024653,-5.9807158,3,5.0481906,0.7867944,-4.732984,0
1695794130572,3,-2.1452048,16.589424,1.0079589,-2.5306711,-0.09816227,-5.805939,3,2.7525587,0.25411993,-3.866777,0
1695794130582,3,-2.585738,18.624495,1.934515,-3.4356794,4.546589,-5.044583,3,1.0262536,-0.15027285,-2.8405235,0
1695794130592,3,-2.1667526,19.153614,3.2034419,-4.405331,8.63828,-4.261679,3,0.2602286,-0.24801129,-1.8497,0
1695794130601,3,-1.3311762,16.77617,4.8698063,-4.5202527,10.453085,-3.1172507,3,0.36651915,0.0,-1.1007792,0
1695794130611,3,-0.04070143,13.8480625,6.2249246,-3.8738184,10.879252,-1.7621324,3,0.36651915,0.0,-1.1007792,0
1695794130621,3,0.45010993,12.751518,6.706159,-2.896984,8.456321,-0.06943185,3,0.86254174,0.15393804,-0.29932398,0
1695794130632,3,0.4357447,12.962208,6.7492547,-1.5155296,5.4922986,1.316811,3,0.73426,0.02565634,-0.12950343,0
1695794130642,3,0.21068975,13.5296335,5.8466406,-0.9576807,4.3478703,1.8602947,3,0.73426,0.02565634,-0.12950343,0
1695794130652,3,0.29448682,13.912706,5.3678,-0.94331545,4.5178585,1.9656396,3,-0.02076942,-0.44226643,0.34330627,0
1695794130662,3,0.4165911,14.056358,5.4444146,-1.1563994,5.046977,1.1252748,3,-0.02076942,-0.44226643,0.34330627,0
1695794130672,3,0.44771573,13.9917145,5.533,-1.0893618,5.41329,0.6823475,3,-0.49357912,-0.5363397,0.72692966,0
1695794130682,3,0.40462008,13.845669,5.1379566,-1.0151415,5.5641246,0.7637503,3,-1.1924089,-0.6719518,1.2253957,0
1695794130692,3,0.2657564,13.311762,4.747702,-1.0726024,5.533,0.81881696,3,-3.1349604,-1.2522738,2.5192082,0
1695794130702,3,0.18674773,12.076353,4.1802764,-1.2497733,5.463568,0.33279404,3,-3.1349604,-1.2522738,2.5192082,0
1695794130712,3,0.4333505,10.441113,3.6583402,-1.5897499,5.0637364,-0.21308395,3,-4.1966443,-1.5650368,3.2217033,0
1695794130722,3,1.1851299,6.555324,2.3247697,-1.9369092,4.036624,-1.0103531,3,-5.7751203,-2.0292943,4.3261476,0
1695794130732,3,1.5658079,5.035006,2.1643584,-2.0278888,2.7006595,-1.8291701,3,-6.3859854,-2.1734586,4.660902,0
1695794130742,3,1.745373,3.8355112,2.291251,-1.7597382,-0.6943185,-3.5793316,3,-7.0970325,-2.3115141,4.940678,0
1695794130752,3,2.0973208,2.4947581,2.6264393,-1.7908629,-1.733402,-4.0797195,3,-7.9876738,-2.4092526,5.2070155,0
1695794130762,3,1.9895816,1.5801731,2.3056161,-1.7908629,-1.733402,-4.0797195,3,-7.9876738,-2.4092526,5.2070155,0
1695794130772,3,1.5562311,1.103727,1.8028339,-1.7908629,-1.733402,-4.0797195,3,-7.9876738,-2.4092526,5.2070155,0
1695794130782,3,1.13964,0.18435353,-0.050278235,-1.7908629,-1.733402,-4.0797195,3,-7.9876738,-2.4092526,5.2070155,0
1695794130792,3,1.0151415,-1.2952632,-2.2697031,-3.6008794,-2.4277205,-5.7508726,3,-12.677897,-3.7323866,6.3847637,0
1695794130802,3,1.5466543,-3.0885203,-5.0541596,-4.4364557,-2.1691468,-7.762002,3,-13.991258,-4.408004,6.776939,0
1695794130812,3,2.1930888,-4.4340615,-6.8210807,-4.9559975,-2.303222,-9.981427,3,-14.694974,-4.9162436,6.9797463,0
1695794130822,3,2.4133554,-6.155493,-7.2592196,-4.7788267,-2.6168625,-12.533646,3,-13.881302,-4.2540655,6.34689,0
1695794130832,3,2.6647465,-7.6734166,-6.945579,-4.4005427,-2.4516625,-13.802573,3,-13.881302,-4.2540655,6.34689,0
1695794130842,3,3.2920272,-9.105149,-6.38773,-4.3263226,-2.621651,-13.443442,3,-12.38346,-2.951701,5.226563,0
1695794130852,3,3.620033,-9.502586,-5.899313,-4.06296,-3.0310593,-12.361263,3,-10.465343,-1.9046779,3.7091737,0
1695794130862,3,3.3997664,-8.963891,-5.935226,-4.06296,-3.0310593,-12.361263,3,-10.465343,-1.9046779,3.7091737,0
1695794130872,3,3.1555579,-8.200141,-5.851429,-4.06296,-3.0310593,-12.361263,3,-10.465343,-1.9046779,3.7091737,0
1695794130882,3,2.7629087,-7.678205,-5.631162,-2.765303,-1.7956513,-8.53054,3,-9.436646,-1.5735888,3.299894,0
1695794130892,3,2.4372973,-7.1131735,-5.2504845,-2.7485435,-0.5482722,-7.493851,3,-7.920479,-1.1117748,2.8918362,0
1695794130902,3,2.3558946,-7.4028716,-3.9336734,-2.873042,0.30885202,-6.3446345,3,-6.188065,-0.61208695,2.5619688,0
1695794130912,3,2.8083985,-9.294291,-3.1962593,-2.9376855,1.0845734,-5.1116204,3,-4.351804,-0.23090707,2.3408356,0
1695794130922,3,4.546589,-12.227188,-3.787627,-2.7748797,0.90740246,-3.083732,3,-2.4178047,-0.118507855,2.1539109,0
1695794130932,3,5.439626,-15.397111,-4.7046065,-2.1021092,-0.92416185,-1.7980455,3,2.2162192,0.56321776,0.8222246,0
1695794130942,3,6.8162923,-19.144037,-5.2026005,-2.1021092,-0.92416185,-1.7980455,3,2.2162192,0.56321776,0.8222246,0
1695794130952,3,8.674192,-20.786459,-5.104438,-2.1021092,-0.92416185,-1.7980455,3,2.2162192,0.56321776,0.8222246,0
1695794130962,3,8.925584,-20.714634,-3.809175,-2.1021092,-0.92416185,-1.7980455,3,2.2162192,0.56321776,0.8222246,0
1695794130972,3,8.647857,-18.828003,-1.4508862,-2.1021092,-0.92416185,-1.7980455,3,2.2162192,0.56321776,0.8222246,0
1695794130982,3,8.161834,-16.922218,-0.17956513,-2.1021092,-0.92416185,-1.7980455,3,2.2162192,0.56321776,0.8222246,0
1695794130992,3,8.180987,-15.7586355,0.36152446,-2.1021092,-0.92416185,-1.7980455,3,2.2162192,0.56321776,0.8222246,0
1695794131002,3,7.773973,-14.975732,1.0319009,-2.1021092,-0.92416185,-1.7980455,3,2.2162192,0.56321776,0.8222246,0
1695794131012,3,7.9966335,-13.977349,1.9919758,-2.1021092,-0.92416185,-1.7980455,3,2.2162192,0.56321776,0.8222246,0
1695794131022,3,7.501034,-12.3038025,2.8395233,-2.1021092,-0.92416185,-1.7980455,3,2.2162192,0.56321776,0.8222246,0
1695794131032,3,5.9759274,-10.240001,3.8905778,3.2968156,-5.403713,1.283292,3,7.698124,2.52043,-2.783102,0
1695794131042,3,5.5737014,-8.564059,4.3358994,2.6072857,-3.9384618,1.3694834,3,8.410393,2.7220156,-3.1227431,0
1695794131052,3,5.6239796,-7.680599,3.9959226,2.6072857,-3.9384618,1.3694834,3,8.410393,2.7220156,-3.1227431,0
1695794131062,3,5.2720323,-7.2089415,3.7134068,0.33518824,-0.82360536,1.3742718,3,9.585697,2.6914723,-3.3279939,0
1695794131072,3,5.092467,-6.847417,3.6631286,0.23463176,-0.4141969,0.21308395,3,10.250319,2.7269025,-3.4428365,0
1695794131082,3,5.2480903,-6.603208,4.1515455,-0.23463176,-0.5267244,-0.8810662,3,10.775663,2.8845057,-3.563788,0
1695794131092,3,5.363012,-6.0381765,4.7548847,-0.49559975,-0.8690952,-1.733402,3,11.155622,2.960253,-3.6908479,0
1695794131102,3,4.608838,-5.78918,4.453215,-0.37110126,-1.4460979,-2.006341,3,11.410963,3.010344,-3.8521163,0
1695794131112,3,4.3382936,-5.092467,3.3183637,-0.23702596,-1.8148049,-2.0925324,3,11.513588,2.9907963,-4.020715,0
1695794131122,3,3.5865142,-4.027047,2.3535004,-0.91937345,-2.5953147,-2.9855695,3,11.509923,2.6218336,-4.379904,0
1695794131132,3,2.765303,-1.9177556,1.8243817,-1.067814,-3.0023289,-4.5872903,3,11.509923,2.6218336,-4.379904,0
1695794131142,3,2.837129,-1.3934253,2.1068976,-1.6687586,-3.1747115,-5.8801594,3,11.188608,2.6841419,-4.6315804,0
1695794131152,3,2.9975405,-0.7374141,2.1212628,-2.327164,-2.0685902,-6.55293,3,10.984579,2.7415633,-4.768414,0
1695794131162,3,2.8083985,0.45489833,1.6496049,-1.99437,-2.7126305,-6.3206925,3,10.721907,2.7232373,-4.923574,0
1695794131172,3,2.2050598,1.8938135,1.3383588,-1.5131354,-3.2010477,-6.227319,3,10.278419,2.6218336,-5.081177,0
1695794131182,3,1.3359646,3.5817258,1.352724,-1.3311762,-3.1052797,-6.493075,3,9.413433,2.483778,-5.1117206,0
1695794131192,3,0.6895301,5.889736,1.2138603,-1.5179238,-2.6886885,-6.4882865,3,8.064643,2.162463,-4.944343,0
1695794131202,3,-0.22984336,8.058883,1.7022774,-1.9393034,-1.8962077,-6.0884547,3,6.4482937,1.7104226,-4.5985937,0
1695794131212,3,-0.9624691,10.433931,2.3750482,-2.1404164,-0.32321724,-5.8203044,3,4.7586403,1.3109168,-4.142888,0
1695794131222,3,-1.3958195,12.253524,2.9903579,-2.645593,1.283292,-4.9583917,3,3.1166344,0.98349303,-3.563788,0
1695794131232,3,-1.7190368,13.017275,3.217807,-3.0023289,3.2561142,-3.9815574,3,1.7385225,0.643852,-2.9003882,0
1695794131242,3,-1.4628572,12.62702,3.6535518,-3.0813377,4.7884035,-3.1364043,3,0.9114109,0.4202753,-2.3017402,0
1695794131252,3,-0.93613285,11.027693,4.3358994,-3.1723173,5.4180784,-2.7988217,3,0.6927212,0.39706242,-1.8081611,0
1695794131262,3,-0.10295067,9.560047,5.149928,-2.7150247,4.9416323,-2.3008277,3,0.829555,0.5534439,-1.4428637,0
1695794131272,3,0.090979666,8.825027,5.9160724,-2.0254946,3.277662,-1.5682021,3,1.0225884,0.6939429,-1.2388347,0
1695794131282,3,0.2705448,8.76996,6.179435,-1.0486604,1.7477672,-0.6943185,3,1.0861185,0.74036866,-1.1801916,0
1695794131292,3,-0.007182605,9.560047,6.078878,-0.7158663,0.94092125,0.1436521,3,0.7476991,0.5143485,-1.1716396,0
1695794131302,3,-0.521936,10.366894,5.765238,-0.39983168,0.81642276,0.48602295,3,0.7476991,0.5143485,-1.1716396,0
1695794131312,3,-0.62249243,11.034876,5.74369,-0.545878,1.5442601,0.45968673,3,0.45204028,0.34697145,-1.0946705,0
1695794131322,3,-0.56982,11.195287,6.3302693,-0.93852705,2.303222,0.20350714,3,0.21624629,0.22724187,-0.95417154,0
1695794131332,3,-0.6368576,10.733206,6.7468605,-0.93134445,2.942474,0.21787235,3,0.07941248,0.19425514,-0.7733554,0
1695794131342,3,-0.36391866,9.892841,6.3661823,-0.7781156,3.086126,0.82599956,3,-0.14782938,0.059864793,-0.34697145,0
1695794131352,3,0.0,8.978256,6.2009826,-0.78050977,2.6192567,1.2473791,3,-0.047647487,-0.02321288,-0.22235495,0
1695794131362,3,0.25857377,8.451532,6.241684,-0.45010993,1.7812861,0.8619126,3,0.09896017,0.02687807,-0.19547687,0
1695794131372,3,0.7206547,8.219295,6.2225304,-0.055066638,0.8738836,0.6847417,3,0.09896017,0.02687807,-0.19547687,0
1695794131382,3,0.16519992,8.24563,6.0740895,0.21787235,0.34955344,0.7206547,3,0.23335053,0.07819075,-0.24556783,0
1695794131392,3,0.37349546,8.50181,6.3302693,0.6967127,0.11252748,0.7086837,3,0.27977628,0.105068825,-0.31520647,0
1695794131402,3,0.40701428,8.432379,5.837064,0.16519992,0.12449849,0.5793968,3,0.20647246,0.11728613,-0.32498032,0
1695794131412,3,0.10295067,8.513782,5.437232,0.40462008,0.36631286,0.8595184,3,-0.11362094,-0.15393804,-0.21013765,0
1695794131422,3,0.12449849,8.542512,5.403713,0.47165772,0.28491,0.38307226,3,-0.11362094,-0.15393804,-0.21013765,0
1695794131432,3,0.019153614,8.532935,5.2744265,0.18674773,0.36391866,-0.011971008,3,-0.28221974,-0.19181168,-0.118507855,0
1695794131442,3,0.095768064,8.4108305,5.023035,0.21787235,0.39983168,-0.055066638,3,-0.38728857,-0.24678956,-0.02443461,0
1695794131452,3,0.12928689,7.9702973,4.9176903,0.107739076,0.40462008,-0.20350714,3,-0.38728857,-0.26389378,0.037873644,0
1695794131462,3,0.4309563,7.7691846,4.8985367,0.16998832,0.30166942,-0.48362875,3,-0.17837265,-0.14660765,0.05009095,0
1695794131472,3,0.1412579,7.603985,4.831499,0.18195933,-0.11971009,-0.61530983,3,-0.17837265,-0.14660765,0.05009095,0
1695794131482,3,0.4309563,7.4842744,5.133168,0.46208093,-0.30885202,-0.6512229,3,-0.010995574,-0.03176499,-0.010995574,0
1695794131492,3,0.4189853,7.441179,5.374983,0.15322891,-0.47405192,-0.7206547,3,0.10262536,0.059864793,-0.07086037,0
1695794131502,3,0.3854665,7.357382,5.485116,0.4333505,-0.60094464,-0.40701428,3,0.007330383,0.02076942,-0.095294975,0
1695794131512,3,0.37349546,7.3765354,5.341464,0.4213795,-0.6584055,-0.14604631,3,-0.172264,-0.10629055,-0.09162979,0
1695794131522,3,0.30406362,7.369353,5.133168,0.3878607,-0.7493851,-0.023942016,3,-0.172264,-0.10629055,-0.09162979,0
1695794131532,3,0.28491,7.548918,4.9344497,0.37588966,-0.7326257,-0.16519992,3,-0.172264,-0.10629055,-0.09162979,0
1695794131542,3,0.10055647,7.7931266,4.9296613,0.29927522,-0.7302315,-0.3878607,3,-0.2565634,-0.14660765,-0.07452556,0
1695794131552,3,0.05267244,7.7189064,4.88896,0.272939,-0.5410896,-0.59855044,3,-0.2003638,-0.04886922,-0.09407325,0
1695794131562,3,0.079008654,7.608773,5.0493712,0.021547815,-0.29209262,-0.60812724,3,-0.2003638,-0.04886922,-0.09407325,0
1695794131572,3,0.047884032,7.81228,5.023035,-0.05746084,-0.36631286,-0.6512229,3,-0.16371189,-0.007330383,-0.09896017,0
1695794131582,3,-0.016759412,7.8410106,5.0421886,-0.045489833,-0.47884035,-0.48602295,3,-0.14660765,0.0061086523,-0.10629055,0
1695794131592,3,-0.021547815,7.955932,5.1666875,-0.079008654,-0.2777274,-0.50996494,3,-0.14660765,0.0061086523,-0.10629055,0
1695794131602,3,0.0047884034,8.087613,5.422867,-0.1436521,-0.25139117,-0.48602295,3,-0.16737708,0.018325957,-0.09285152,0
1695794131612,3,0.019153614,7.9511437,5.686229,-0.14604631,-0.1436521,-0.35194764,3,-0.19058995,0.02443461,-0.07696902,0
1695794131622,3,0.16519992,7.872135,5.753267,-0.11252748,-0.016759412,-0.088585466,3,-0.21868975,0.019547688,-0.05375614,0
1695794131632,3,0.20111294,7.726089,5.463568,-0.088585466,-0.15562311,0.17477672,3,-0.23945917,-0.021991149,-0.036651913,0
1695794131642,3,0.1364695,7.872135,5.2480903,0.062249243,-0.22744916,0.23223756,3,-0.26145032,-0.07819075,-0.030543262,0
1695794131652,3,-0.074220255,7.967903,5.035006,0.09816227,-0.36152446,-0.07182605,3,-0.27855456,-0.12583824,-0.030543262,0
1695794131662,3,0.062249243,8.020576,5.2840033,0.09816227,-0.36152446,-0.07182605,3,-0.27855456,-0.12583824,-0.030543262,0
1695794131672,3,-0.009576807,8.032547,5.463568,-0.17956513,-0.093373865,-0.5410896,3,-0.1563815,0.021991149,-0.05131268,0
1695794131682,3,0.079008654,7.991845,5.5976434,-0.045489833,-0.031124622,-0.30645782,3,-0.1563815,0.021991149,-0.05131268,0
1695794131692,3,0.20111294,7.884106,5.695806,-0.11492168,-0.01436521,-0.1316811,3,-0.06841691,0.06352998,-0.056199603,0
1695794131702,3,0.15801731,7.6351094,5.7843914,-0.019153614,-0.05267244,0.0,3,-0.021991149,0.09162979,-0.04520403,0
1695794131712,3,0.19393034,7.7093296,5.932832,0.110133275,-0.16280572,0.095768064,3,-0.04153884,0.087964594,-0.02443461,0
1695794131722,3,0.20350714,7.8649526,5.8107276,0.076614454,-0.41180268,0.18674773,3,-0.096516706,0.04886922,-0.0061086523,0
1695794131732,3,0.062249243,7.872135,5.793968,0.11731588,-0.33518824,0.33039984,3,-0.14905111,0.012217305,0.0061086523,0
1695794131742,3,0.18674773,7.6949644,5.681441,0.12928689,-0.17238252,0.19871874,3,-0.17348573,-0.02443461,0.02321288,0
1695794131752,3,0.18674773,7.603985,5.616797,-0.011971008,-0.15562311,0.16759412,3,-0.17715092,-0.04886922,0.037873644,0
1695794131762,3,0.1436521,7.5824366,5.781997,0.10534488,-0.320823,0.038307227,3,-0.1685988,-0.05009095,0.037873644,0
1695794131772,3,0.21308395,7.5920134,5.7748146,0.095768064,-0.39983168,-0.04070143,3,-0.15515977,-0.02321288,0.021991149,0
1695794131782,3,0.21308395,7.6111674,5.755661,0.045489833,-0.40940848,0.10534488,3,-0.13927728,-0.007330383,0.009773844,0
1695794131792,3,0.17956513,7.6015906,5.66947,0.110133275,-0.3878607,0.08140286,3,-0.12705997,-0.009773844,0.009773844,0
1695794131802,3,0.320823,7.4483614,5.837064,0.10534488,-0.35673606,0.045489833,3,-0.10262536,-0.007330383,0.0012217305,0
1695794131812,3,0.20350714,7.5680714,5.81791,0.06703765,-0.35434186,-0.05267244,3,-0.0842994,0.02565634,-0.018325957,0
1695794131822,3,0.16280572,7.632715,5.7365074,0.20590134,-0.49799395,0.09816227,3,-0.0842994,0.02565634,-0.018325957,0
1695794131832,3,0.12928689,7.680599,5.686229,0.08379706,-0.36870706,0.06464344,3,-0.09162979,0.007330383,-0.028099801,0
1695794131842,3,0.11971009,7.6590514,6.14831,0.04070143,-0.29209262,-0.031124622,3,-0.11484267,0.010995574,-0.02321288,0
1695794131852,3,0.1316811,7.8984714,6.131551,0.0047884034,-0.23463176,-0.093373865,3,-0.111177474,-0.0012217305,-0.021991149,0
1695794131862,3,0.1388637,7.881712,5.971139,-0.0047884034,-0.24660277,0.35434186,3,-0.09407325,-0.04886922,-0.02321288,0
1695794131872,3,0.1388637,7.896077,5.647922,0.0047884034,0.0023942017,0.320823,3,-0.09285152,-0.0842994,-0.012217305,0
1695794131882,3,0.09816227,7.7572136,5.6551046,0.009576807,0.0,0.1436521,3,-0.03176499,-0.02565634,-0.017104227,0
1695794131892,3,0.22026655,7.6111674,5.959168,0.009576807,0.0,0.1436521,3,-0.03176499,-0.02565634,-0.017104227,0
1695794131902,3,0.01436521,7.965509,5.729325,0.009576807,0.0,0.1436521,3,-0.03176499,-0.02565634,-0.017104227,0
1695794131912,3,0.023942016,7.920019,5.6982,0.009576807,0.0,0.1436521,3,-0.03176499,-0.02565634,-0.017104227,0
1695794131922,3,0.11971009,7.9008656,5.566519,0.009576807,0.0,0.1436521,3,-0.03176499,-0.02565634,-0.017104227,0
1695794131932,3,0.009576807,7.848193,5.801151,0.009576807,0.0,0.1436521,3,-0.03176499,-0.02565634,-0.017104227,0
1695794131942,3,0.1364695,7.642292,6.0980315,0.009576807,0.0,0.1436521,3,-0.03176499,-0.02565634,-0.017104227,0
1695794131952,3,0.20111294,7.630321,6.0764837,0.009576807,0.0,0.1436521,3,-0.03176499,-0.02565634,-0.017104227,0
1695794131962,3,-0.01436521,7.819463,5.865794,0.009576807,0.0,0.1436521,3,-0.03176499,-0.02565634,-0.017104227,0
1695794131972,3,0.076614454,7.716512,5.791574,0.009576807,0.0,0.1436521,3,-0.03176499,-0.02565634,-0.017104227,0
1695794131982,3,0.06464344,7.773973,5.7604494,-0.15322891,-0.016759412,-0.019153614,3,-0.080634214,-0.02321288,0.028099801,0
1695794131992,3,0.15562311,7.7069354,5.755661,-0.074220255,-0.05746084,-0.1316811,3,-0.096516706,-0.008552114,0.034208454,0
1695794132002,3,0.21308395,7.716512,5.8801594,-0.074220255,-0.05746084,-0.1316811,3,-0.09407325,-0.0061086523,0.035430185,0
1695794132012,3,0.0023942017,7.8649526,5.8945246,0.011971008,-0.11971009,-0.1412579,3,-0.04520403,0.0061086523,0.021991149,0
1695794132022,3,0.15083471,7.773973,5.947197,0.06703765,-0.10534488,-0.02633622,3,0.008552114,0.014660766,0.017104227,0
1695794132032,3,0.2753332,7.627927,5.913678,-0.1436521,0.045489833,-0.016759412,3,-0.004886922,0.0036651916,0.037873644,0
1695794132042,3,0.15801731,7.4986396,5.8466406,0.0023942017,-0.04070143,0.031124622,3,-0.04520403,-0.021991149,0.052534413,0
1695794132052,3,0.088585466,7.548918,5.78918,0.12689269,-0.18674773,0.0,3,-0.061086524,-0.028099801,0.05009095,0
1695794132062,3,0.18674773,7.479486,5.791574,0.007182605,-0.31603462,-0.06703765,3,-0.02687807,-0.02321288,0.034208454,0
1695794132072,3,0.16998832,7.4483614,5.887342,-0.06464344,-0.2633622,-0.12928689,3,-0.0012217305,0.012217305,0.02565634,0
1695794132082,3,0.29209262,7.417237,5.90889,0.02633622,-0.32800564,-0.1316811,3,0.007330383,0.02321288,0.02076942,0
1695794132092,3,0.2705448,7.419631,5.8203044,0.0047884034,-0.35673606,-0.038307227,3,-0.008552114,0.007330383,0.018325957,0
1695794132102,3,0.22505496,7.374141,5.6766524,0.12689269,-0.3878607,-0.016759412,3,-0.035430185,-0.008552114,0.010995574,0
1695794132112,3,0.24181437,7.443573,5.5617304,0.10534488,-0.38307226,-0.107739076,3,-0.05131268,-0.0061086523,0.0,0
1695794132122,3,0.18435353,7.4387846,5.6096144,0.05746084,-0.4261679,-0.25617957,3,-0.042760566,0.018325957,-0.017104227,0
1695794132132,3,0.22744916,7.4483614,5.5880666,0.07182605,-0.35434186,-0.37588966,3,-0.02443461,0.052534413,-0.030543262,0
1695794132142,3,0.17956513,7.4363904,5.7843914,0.011971008,-0.35434186,-0.33279404,3,-0.010995574,0.07452556,-0.042760566,0
1695794132152,3,0.24899697,7.529764,6.1195793,0.05746084,-0.34237084,-0.35673606,3,-0.017104227,0.096516706,-0.04520403,0
1695794132162,3,0.04070143,7.642292,6.0405707,0.01436521,-0.35194764,-0.16280572,3,-0.032986723,0.07696902,-0.042760566,0
1695794132172,3,0.16280572,7.7069354,6.0142345,0.090979666,-0.25857377,0.16759412,3,-0.058643065,0.02687807,-0.02565634,0
1695794132182,3,0.011971008,7.675811,6.0405707,-0.107739076,-0.1436521,0.08619126,3,-0.07452556,0.002443461,0.0,0
1695794132192,3,0.18435353,7.5800424,5.911284,0.016759412,-0.076614454,0.055066638,3,-0.07819075,-0.018325957,0.013439035,0
1695794132202,3,0.095768064,7.539341,5.8634,-0.12928689,-0.10055647,0.074220255,3,-0.07086037,-0.036651913,0.019547688,0
1695794132212,3,0.17956513,7.565677,5.8226986,0.04070143,-0.19153613,-0.059855044,3,-0.073303826,-0.039095376,0.019547688,0
1695794132222,3,0.095768064,7.6494746,5.719748,-0.047884032,-0.22744916,-0.11492168,3,-0.08552113,-0.040317107,0.02443461,0
1695794132232,3,0.06943185,7.4962454,5.6407394,0.031124622,-0.19632454,-0.1604115,3,-0.09040806,-0.032986723,0.028099801,0
1695794132242,3,0.23942018,7.4004774,5.791574,-0.055066638,-0.107739076,-0.2705448,3,-0.07941248,-0.008552114,0.02321288,0
1695794132252,3,0.20829555,7.4866686,5.801151,-0.08619126,-0.25617957,-0.35434186,3,-0.062308256,0.010995574,0.012217305,0
1695794132262,3,0.22744916,7.5106106,5.8562174,0.079008654,-0.34476504,-0.21068975,3,-0.05375614,0.017104227,0.004886922,0
1695794132272,3,0.23463176,7.443573,5.8921304,0.045489833,-0.25617957,-0.20829555,3,-0.04886922,0.035430185,0.002443461,0
1695794132282,3,0.18435353,7.433996,5.93762,0.06464344,-0.22744916,-0.15801731,3,-0.034208454,0.042760566,-0.007330383,0
1695794132292,3,0.1364695,7.477092,5.901707,0.07182605,-0.29209262,-0.12449849,3,-0.034208454,0.032986723,-0.012217305,0
1695794132302,3,0.12689269,7.5082164,5.8586116,0.023942016,-0.29927522,-0.08379706,3,-0.05497787,0.02321288,-0.012217305,0
1695794132312,3,0.1340753,7.5800424,5.829881,-0.019153614,-0.25378537,-0.12210429,3,-0.081855945,0.02076942,-0.010995574,0
1695794132322,3,0.11971009,7.517793,5.7867856,-0.02633622,-0.22026655,-0.16759412,3,-0.09896017,0.018325957,-0.009773844,0
1695794132332,3,0.16998832,7.398083,5.722142,-0.016759412,-0.14604631,-0.20111294,3,-0.111177474,0.014660766,-0.009773844,0
1695794132342,3,0.29927522,7.3166804,5.8634,-0.02873042,-0.20111294,-0.25139117,3,-0.13072516,0.02687807,-0.010995574,0
1695794132352,3,0.15083471,7.4244194,5.8203044,0.019153614,-0.31603462,-0.320823,3,-0.1563815,0.034208454,-0.018325957,0
1695794132362,3,0.10534488,7.5106106,5.710171,0.15083471,-0.39264908,-0.18914193,3,-0.17837265,0.014660766,-0.02443461,0
1695794132372,3,0.14844051,7.371747,5.7963624,0.0047884034,-0.2777274,-0.23942018,3,-0.19058995,0.02687807,-0.021991149,0
1695794132382,3,0.06464344,7.36217,5.949591,-0.035913024,-0.18195933,-0.36391866,3,-0.18325958,0.05009095,-0.017104227,0
1695794132392,3,0.12689269,7.302315,6.0477533,0.0047884034,-0.31364042,-0.2873042,3,-0.17104226,0.04153884,-0.015882496,0
1695794132402,3,0.074220255,7.3525934,5.9783216,-0.074220255,-0.31364042,-0.14604631,3,-0.1563815,0.040317107,-0.02076942,0
1695794132412,3,0.11252748,7.2592196,5.8107276,-0.007182605,-0.36391866,-0.059855044,3,-0.15760323,0.02565634,-0.019547688,0
1695794132422,3,0.11492168,7.1993647,5.8801594,-0.05746084,-0.30406362,-0.1412579,3,-0.17470746,0.019547688,-0.018325957,0
1695794132432,3,0.11971009,7.156269,5.8562174,-0.01436521,-0.3878607,-0.320823,3,-0.21135938,0.02443461,-0.018325957,0
1695794132442,3,0.1436521,7.1347213,5.791574,-0.009576807,-0.4357447,-0.2633622,3,-0.25778514,0.019547688,-0.019547688,0
1695794132452,3,0.06943185,7.019799,5.686229,-0.0023942017,-0.47165772,-0.29927522,3,-0.30665436,0.008552114,-0.02076942,0
1695794132462,3,0.10295067,6.9407907,5.707777,0.021547815,-0.47884035,-0.38067806,3,-0.35063666,0.0036651916,-0.029321533,0
1695794132472,3,0.055066638,6.8569937,5.6766524,-0.047884032,-0.581791,-0.50278234,3,-0.39950588,0.009773844,-0.037873644,0
1695794132482,3,0.033518825,6.7923503,5.604826,-0.011971008,-0.641646,-0.50278234,3,-0.453262,0.015882496,-0.04886922,0
1695794132492,3,0.01436521,6.6989765,5.511452,-0.05746084,-0.7062895,-0.557849,3,-0.49357912,0.018325957,-0.059864793,0
1695794132502,3,-0.021547815,6.670246,5.518635,-0.074220255,-0.7445967,-0.6584055,3,-0.5119051,0.05009095,-0.06963864,0
1695794132512,3,0.08619126,6.7684083,5.899313,-0.090979666,-0.81642276,-0.78050977,3,-0.51923543,0.10751228,-0.07696902,0
1695794132522,3,0.035913024,6.8450227,6.136339,-0.11971009,-0.81642276,-0.80684596,3,-0.5119051,0.14172074,-0.09407325,0
1695794132532,3,-0.045489833,6.861782,6.3230867,-0.0047884034,-0.6895301,-0.45968673,3,-0.50823987,0.13561209,-0.089186326,0
1695794132542,3,0.047884032,6.766014,6.5265937,-0.04070143,-0.5793968,-0.2633622,3,-0.51068336,0.118507855,-0.081855945,0
1695794132552,3,0.0023942017,6.7348895,6.5265937,-0.107739076,-0.5363012,-0.10534488,3,-0.5180137,0.09162979,-0.081855945,0
